law,field,value,source_url,quote,pattern
_constitution,effective_rule,,https://leginfo.legislature.ca.gov/faces/codes_displaySection.xhtml?lawCode=CONS&sectionNum=SEC.%208.&article=IV,go into effect on January 1 next following a 90-day period from the date of enactment of the statute,go into effect on January 1 next following a 90-day period from the date of enactment of the statute
psa,target,,https://leginfo.legislature.ca.gov/faces/codes_displaySection.xhtml?lawCode=GOV&sectionNum=65950,shall approve or disapprove the project within whichever of the following periods is applicable,shall approve or disapprove the project within whichever of the following periods is applicable
haa,target,,https://leginfo.legislature.ca.gov/faces/codes_displaySection.xhtml?lawCode=GOV&sectionNum=65589.5,"This section shall be known, and may be cited, as the Housing Accountability Act","This section shall be known, and may be cited, as the Housing Accountability Act"
sb167,chapter,368,https://leginfo.legislature.ca.gov/faces/billTextClient.xhtml?bill_id=201720180SB167,Senate Bill No. 167 CHAPTER 368,(?:Senate|Assembly) Bill No\. \d+ CHAPTER (?P<v>\d+)
sb167,enacted,"September 29, 2017",https://leginfo.legislature.ca.gov/faces/billTextClient.xhtml?bill_id=201720180SB167,"Approved by Governor September 29, 2017.","Approved by Governor (?P<v>[A-Z][a-z]+ \d{1,2}, \d{4})\."
sb167,target,,https://leginfo.legislature.ca.gov/faces/billTextClient.xhtml?bill_id=201720180SB167,"SB 167, Skinner. Housing Accountability Act.","SB 167, Skinner\. Housing Accountability Act\."
sb167,eligibility,,https://leginfo.legislature.ca.gov/faces/billTextClient.xhtml?bill_id=201720180SB167,This bill would require the findings of the local agency to instead be based on a preponderance of the evidence in the record,This bill would require the findings of the local agency to instead be based on a preponderance of the evidence in the record
ab678,chapter,373,https://leginfo.legislature.ca.gov/faces/billTextClient.xhtml?bill_id=201720180AB678,Assembly Bill No. 678 CHAPTER 373,(?:Senate|Assembly) Bill No\. \d+ CHAPTER (?P<v>\d+)
ab678,enacted,"September 29, 2017",https://leginfo.legislature.ca.gov/faces/billTextClient.xhtml?bill_id=201720180AB678,"Approved by Governor September 29, 2017.","Approved by Governor (?P<v>[A-Z][a-z]+ \d{1,2}, \d{4})\."
ab678,target,,https://leginfo.legislature.ca.gov/faces/billTextClient.xhtml?bill_id=201720180AB678,"AB 678, Bocanegra. Housing Accountability Act.","AB 678, Bocanegra\. Housing Accountability Act\."
ab1515,chapter,378,https://leginfo.legislature.ca.gov/faces/billTextClient.xhtml?bill_id=201720180AB1515,Assembly Bill No. 1515 CHAPTER 378,(?:Senate|Assembly) Bill No\. \d+ CHAPTER (?P<v>\d+)
ab1515,enacted,"September 29, 2017",https://leginfo.legislature.ca.gov/faces/billTextClient.xhtml?bill_id=201720180AB1515,"Approved by Governor September 29, 2017.","Approved by Governor (?P<v>[A-Z][a-z]+ \d{1,2}, \d{4})\."
ab1515,target,,https://leginfo.legislature.ca.gov/faces/billTextClient.xhtml?bill_id=201720180AB1515,"AB 1515, Daly. Planning and zoning: housing.","AB 1515, Daly\. Planning and zoning: housing\."
dbl,target,,https://leginfo.legislature.ca.gov/faces/codes_displaySection.xhtml?lawCode=GOV&sectionNum=65915,"shall grant one density bonus, the amount of which shall be as specified in subdivision (f)","shall grant one density bonus, the amount of which shall be as specified in subdivision \(f\)"
ab1763,chapter,666,https://leginfo.legislature.ca.gov/faces/billTextClient.xhtml?bill_id=201920200AB1763,Assembly Bill No. 1763 CHAPTER 666,(?:Senate|Assembly) Bill No\. \d+ CHAPTER (?P<v>\d+)
ab1763,enacted,"October 09, 2019",https://leginfo.legislature.ca.gov/faces/billTextClient.xhtml?bill_id=201920200AB1763,"Approved by Governor October 09, 2019.","Approved by Governor (?P<v>[A-Z][a-z]+ \d{1,2}, \d{4})\."
ab1763,target,,https://leginfo.legislature.ca.gov/faces/billTextClient.xhtml?bill_id=201920200AB1763,"AB 1763, Chiu. Planning and zoning: density bonuses: affordable housing.","AB 1763, Chiu\. Planning and zoning: density bonuses: affordable housing\."
ab2345,chapter,197,https://leginfo.legislature.ca.gov/faces/billTextClient.xhtml?bill_id=201920200AB2345,Assembly Bill No. 2345 CHAPTER 197,(?:Senate|Assembly) Bill No\. \d+ CHAPTER (?P<v>\d+)
ab2345,enacted,"September 28, 2020",https://leginfo.legislature.ca.gov/faces/billTextClient.xhtml?bill_id=201920200AB2345,"Approved by Governor September 28, 2020.","Approved by Governor (?P<v>[A-Z][a-z]+ \d{1,2}, \d{4})\."
ab2345,target,,https://leginfo.legislature.ca.gov/faces/billTextClient.xhtml?bill_id=201920200AB2345,"AB 2345, Gonzalez. Planning and zoning: density bonuses: annual report: affordable housing.","AB 2345, Gonzalez\. Planning and zoning: density bonuses: annual report: affordable housing\."
sb35,chapter,366,https://leginfo.legislature.ca.gov/faces/billTextClient.xhtml?bill_id=201720180SB35,Senate Bill No. 35 CHAPTER 366,(?:Senate|Assembly) Bill No\. \d+ CHAPTER (?P<v>\d+)
sb35,enacted,"September 29, 2017",https://leginfo.legislature.ca.gov/faces/billTextClient.xhtml?bill_id=201720180SB35,"Approved by Governor September 29, 2017.","Approved by Governor (?P<v>[A-Z][a-z]+ \d{1,2}, \d{4})\."
sb35,target,,https://leginfo.legislature.ca.gov/faces/billTextClient.xhtml?bill_id=201720180SB35,"SB 35, Wiener. Planning and zoning: affordable housing: streamlined approval process.","SB 35, Wiener\. Planning and zoning: affordable housing: streamlined approval process\."
sb35,eligibility,,https://leginfo.legislature.ca.gov/faces/billTextClient.xhtml?bill_id=201720180SB35,subject to a requirement mandating a minimum percentage of below market rate housing based on one of the following,subject to a requirement mandating a minimum percentage of below market rate housing based on one of the following
sb35,sunset,"January 1, 2026",https://leginfo.legislature.ca.gov/faces/billTextClient.xhtml?bill_id=201720180SB35,"remain in effect only until January 1, 2026","remain in effect only until (?P<v>January 1, \d{4})"
sb423,chapter,778,https://leginfo.legislature.ca.gov/faces/billTextClient.xhtml?bill_id=202320240SB423,Senate Bill No. 423 CHAPTER 778,(?:Senate|Assembly) Bill No\. \d+ CHAPTER (?P<v>\d+)
sb423,enacted,"October 11, 2023",https://leginfo.legislature.ca.gov/faces/billTextClient.xhtml?bill_id=202320240SB423,"Approved by Governor October 11, 2023.","Approved by Governor (?P<v>[A-Z][a-z]+ \d{1,2}, \d{4})\."
sb423,target,,https://leginfo.legislature.ca.gov/faces/billTextClient.xhtml?bill_id=202320240SB423,"SB 423, Wiener. Land use: streamlined housing approvals: multifamily housing developments.","SB 423, Wiener\. Land use: streamlined housing approvals: multifamily housing developments\."
sb423,sunset,"January 1, 2036",https://leginfo.legislature.ca.gov/faces/billTextClient.xhtml?bill_id=202320240SB423,"remain in effect only until January 1, 2036","remain in effect only until (?P<v>January 1, \d{4})"
sb330,chapter,654,https://leginfo.legislature.ca.gov/faces/billTextClient.xhtml?bill_id=201920200SB330,Senate Bill No. 330 CHAPTER 654,(?:Senate|Assembly) Bill No\. \d+ CHAPTER (?P<v>\d+)
sb330,enacted,"October 09, 2019",https://leginfo.legislature.ca.gov/faces/billTextClient.xhtml?bill_id=201920200SB330,"Approved by Governor October 09, 2019.","Approved by Governor (?P<v>[A-Z][a-z]+ \d{1,2}, \d{4})\."
sb330,target,,https://leginfo.legislature.ca.gov/faces/billTextClient.xhtml?bill_id=201920200SB330,"SB 330, Skinner. Housing Crisis Act of 2019.","SB 330, Skinner\. Housing Crisis Act of 2019\."
sb330,eligibility,,https://leginfo.legislature.ca.gov/faces/billTextClient.xhtml?bill_id=201920200SB330,more than five hearings pursuant to Section 65905,more than five hearings pursuant to Section 65905
sb330,sunset,"January 1, 2025",https://leginfo.legislature.ca.gov/faces/billTextClient.xhtml?bill_id=201920200SB330,"remain in effect only until January 1, 2025","remain in effect only until (?P<v>January 1, \d{4})"
sb8,chapter,161,https://leginfo.legislature.ca.gov/faces/billTextClient.xhtml?bill_id=202120220SB8,Senate Bill No. 8 CHAPTER 161,(?:Senate|Assembly) Bill No\. \d+ CHAPTER (?P<v>\d+)
sb8,enacted,"September 16, 2021",https://leginfo.legislature.ca.gov/faces/billTextClient.xhtml?bill_id=202120220SB8,"Approved by Governor September 16, 2021.","Approved by Governor (?P<v>[A-Z][a-z]+ \d{1,2}, \d{4})\."
sb8,target,,https://leginfo.legislature.ca.gov/faces/billTextClient.xhtml?bill_id=202120220SB8,"SB 8, Skinner. Housing Crisis Act of 2019.","SB 8, Skinner\. Housing Crisis Act of 2019\."
sb8,sunset,"January 1, 2030",https://leginfo.legislature.ca.gov/faces/billTextClient.xhtml?bill_id=202120220SB8,"remain in effect only until January 1, 2030","remain in effect only until (?P<v>January 1, 2030)"
sb9,chapter,162,https://leginfo.legislature.ca.gov/faces/billTextClient.xhtml?bill_id=202120220SB9,Senate Bill No. 9 CHAPTER 162,(?:Senate|Assembly) Bill No\. \d+ CHAPTER (?P<v>\d+)
sb9,enacted,"September 16, 2021",https://leginfo.legislature.ca.gov/faces/billTextClient.xhtml?bill_id=202120220SB9,"Approved by Governor September 16, 2021.","Approved by Governor (?P<v>[A-Z][a-z]+ \d{1,2}, \d{4})\."
sb9,effective,"January 1, 2022",https://leginfo.legislature.ca.gov/faces/codes_displaySection.xhtml?lawCode=GOV&sectionNum=66452.6,"Stats. 2021, Ch. 162, Sec. 3. (SB 9) Effective January 1, 2022","Stats\. 2021, Ch\. 162, Sec\. [\d.]+\. \(SB\ 9\) Effective (?P<v>[A-Z][a-z]+ \d{1,2}, \d{4})"
sb9,target,,https://leginfo.legislature.ca.gov/faces/billTextClient.xhtml?bill_id=202120220SB9,"SB 9, Atkins. Housing development: approvals.","SB 9, Atkins\. Housing development: approvals\."
sb9,eligibility,,https://leginfo.legislature.ca.gov/faces/billTextClient.xhtml?bill_id=202120220SB9,"shall ministerially approve, as set forth in this section, a parcel map for an urban lot split","shall ministerially approve, as set forth in this section, a parcel map for an urban lot split"
sb10,chapter,163,https://leginfo.legislature.ca.gov/faces/billTextClient.xhtml?bill_id=202120220SB10,Senate Bill No. 10 CHAPTER 163,(?:Senate|Assembly) Bill No\. \d+ CHAPTER (?P<v>\d+)
sb10,enacted,"September 16, 2021",https://leginfo.legislature.ca.gov/faces/billTextClient.xhtml?bill_id=202120220SB10,"Approved by Governor September 16, 2021.","Approved by Governor (?P<v>[A-Z][a-z]+ \d{1,2}, \d{4})\."
sb10,target,,https://leginfo.legislature.ca.gov/faces/billTextClient.xhtml?bill_id=202120220SB10,"SB 10, Wiener. Planning and zoning: housing development: density.","SB 10, Wiener\. Planning and zoning: housing development: density\."
sb10,eligibility,,https://leginfo.legislature.ca.gov/faces/billTextClient.xhtml?bill_id=202120220SB10,"up to 10 units of residential density per parcel, at a height specified in the ordinance","up to 10 units of residential density per parcel, at a height specified in the ordinance"
ab2011,chapter,647,https://leginfo.legislature.ca.gov/faces/billTextClient.xhtml?bill_id=202120220AB2011,Assembly Bill No. 2011 CHAPTER 647,(?:Senate|Assembly) Bill No\. \d+ CHAPTER (?P<v>\d+)
ab2011,enacted,"September 28, 2022",https://leginfo.legislature.ca.gov/faces/billTextClient.xhtml?bill_id=202120220AB2011,"Approved by Governor September 28, 2022.","Approved by Governor (?P<v>[A-Z][a-z]+ \d{1,2}, \d{4})\."
ab2011,effective,"January 1, 2023",https://leginfo.legislature.ca.gov/faces/codes_displaySection.xhtml?lawCode=GOV&sectionNum=65912.100,"Stats. 2022, Ch. 647, Sec. 3. (AB 2011) Effective January 1, 2023","Stats\. 2022, Ch\. 647, Sec\. [\d.]+\. \(AB\ 2011\) Effective (?P<v>[A-Z][a-z]+ \d{1,2}, \d{4})"
ab2011,target,,https://leginfo.legislature.ca.gov/faces/billTextClient.xhtml?bill_id=202120220AB2011,"AB 2011, Wicks. Affordable Housing and High Road Jobs Act of 2022.","AB 2011, Wicks\. Affordable Housing and High Road Jobs Act of 2022\."
ab2011,eligibility,,https://leginfo.legislature.ca.gov/faces/billTextClient.xhtml?bill_id=202120220AB2011,"use by right and subject to one of 2 streamlined, ministerial review processes","use by right and subject to one of 2 streamlined, ministerial review processes"
ab2011,sunset,"January 1, 2033",https://leginfo.legislature.ca.gov/faces/billTextClient.xhtml?bill_id=202120220AB2011,"January 1, 2033, and as of that date is repealed","(?P<v>January 1, 2033), and as of that date is repealed"
ab2011,operative,"July 1, 2023",https://leginfo.legislature.ca.gov/faces/billTextClient.xhtml?bill_id=202120220AB2011,"July 1, 2023. Digest Key Vote","(?P<v>July 1, 2023)\. Digest Key Vote"
sb6,chapter,659,https://leginfo.legislature.ca.gov/faces/billTextClient.xhtml?bill_id=202120220SB6,Senate Bill No. 6 CHAPTER 659,(?:Senate|Assembly) Bill No\. \d+ CHAPTER (?P<v>\d+)
sb6,enacted,"September 28, 2022",https://leginfo.legislature.ca.gov/faces/billTextClient.xhtml?bill_id=202120220SB6,"Approved by Governor September 28, 2022.","Approved by Governor (?P<v>[A-Z][a-z]+ \d{1,2}, \d{4})\."
sb6,target,,https://leginfo.legislature.ca.gov/faces/billTextClient.xhtml?bill_id=202120220SB6,"SB 6, Caballero. Local planning: housing: commercial zones.","SB 6, Caballero\. Local planning: housing: commercial zones\."
sb6,eligibility,,https://leginfo.legislature.ca.gov/faces/billTextClient.xhtml?bill_id=202120220SB6,"allowable use on a parcel that is within a zone where office, retail, or parking are a principally permitted use","allowable use on a parcel that is within a zone where office, retail, or parking are a principally permitted use"
sb6,sunset,"January 1, 2033",https://leginfo.legislature.ca.gov/faces/billTextClient.xhtml?bill_id=202120220SB6,"July 1, 2023, and would repeal the provisions on January 1, 2033","July 1, 2023, and would repeal the provisions on (?P<v>January 1, 2033)"
sb6,operative,"July 1, 2023",https://leginfo.legislature.ca.gov/faces/billTextClient.xhtml?bill_id=202120220SB6,"July 1, 2023, and would repeal the provisions on January 1, 2033","(?P<v>July 1, 2023), and would repeal the provisions on January 1, 2033"
ab2097,chapter,459,https://leginfo.legislature.ca.gov/faces/billTextClient.xhtml?bill_id=202120220AB2097,Assembly Bill No. 2097 CHAPTER 459,(?:Senate|Assembly) Bill No\. \d+ CHAPTER (?P<v>\d+)
ab2097,enacted,"September 22, 2022",https://leginfo.legislature.ca.gov/faces/billTextClient.xhtml?bill_id=202120220AB2097,"Approved by Governor September 22, 2022.","Approved by Governor (?P<v>[A-Z][a-z]+ \d{1,2}, \d{4})\."
ab2097,effective,"January 1, 2023",https://leginfo.legislature.ca.gov/faces/codes_displaySection.xhtml?lawCode=GOV&sectionNum=65863.2,"Stats. 2022, Ch. 459, Sec. 2. (AB 2097) Effective January 1, 2023","Stats\. 2022, Ch\. 459, Sec\. [\d.]+\. \(AB\ 2097\) Effective (?P<v>[A-Z][a-z]+ \d{1,2}, \d{4})"
ab2097,target,,https://leginfo.legislature.ca.gov/faces/billTextClient.xhtml?bill_id=202120220AB2097,"AB 2097, Friedman. Residential, commercial, or other development types: parking requirements.","AB 2097, Friedman\. Residential, commercial, or other development types: parking requirements\."
ab2097,eligibility,,https://leginfo.legislature.ca.gov/faces/billTextClient.xhtml?bill_id=202120220AB2097,"shall not impose or enforce any minimum automobile parking requirement on a residential, commercial, or other development project if the project is located within one-half mile of public transit","shall not impose or enforce any minimum automobile parking requirement on a residential, commercial, or other development project if the project is located within one-half mile of public transit"
ab1633,chapter,768,https://leginfo.legislature.ca.gov/faces/billTextClient.xhtml?bill_id=202320240AB1633,Assembly Bill No. 1633 CHAPTER 768,(?:Senate|Assembly) Bill No\. \d+ CHAPTER (?P<v>\d+)
ab1633,enacted,"October 11, 2023",https://leginfo.legislature.ca.gov/faces/billTextClient.xhtml?bill_id=202320240AB1633,"Approved by Governor October 11, 2023.","Approved by Governor (?P<v>[A-Z][a-z]+ \d{1,2}, \d{4})\."
ab1633,target,,https://leginfo.legislature.ca.gov/faces/billTextClient.xhtml?bill_id=202320240AB1633,"AB 1633, Ting. Housing Accountability Act: disapprovals: California Environmental Quality Act.","AB 1633, Ting\. Housing Accountability Act: disapprovals: California Environmental Quality Act\."
ab1633,eligibility,,https://leginfo.legislature.ca.gov/faces/billTextClient.xhtml?bill_id=202320240AB1633,fails to make a determination of whether the project is exempt from CEQA or commits an abuse of discretion,fails to make a determination of whether the project is exempt from CEQA or commits an abuse of discretion
sb4,chapter,771,https://leginfo.legislature.ca.gov/faces/billTextClient.xhtml?bill_id=202320240SB4,Senate Bill No. 4 CHAPTER 771,(?:Senate|Assembly) Bill No\. \d+ CHAPTER (?P<v>\d+)
sb4,enacted,"October 11, 2023",https://leginfo.legislature.ca.gov/faces/billTextClient.xhtml?bill_id=202320240SB4,"Approved by Governor October 11, 2023.","Approved by Governor (?P<v>[A-Z][a-z]+ \d{1,2}, \d{4})\."
sb4,target,,https://leginfo.legislature.ca.gov/faces/billTextClient.xhtml?bill_id=202320240SB4,"SB 4, Wiener. Planning and zoning: housing development: higher education institutions and religious institutions.","SB 4, Wiener\. Planning and zoning: housing development: higher education institutions and religious institutions\."
sb4,eligibility,,https://leginfo.legislature.ca.gov/faces/billTextClient.xhtml?bill_id=202320240SB4,"use by right upon the request of an applicant who submits an application for streamlined approval, on any land owned by an independent institution of higher education or religious institution","use by right upon the request of an applicant who submits an application for streamlined approval, on any land owned by an independent institution of higher education or religious institution"
sb4,sunset,"January 1, 2036",https://leginfo.legislature.ca.gov/faces/billTextClient.xhtml?bill_id=202320240SB4,"January 1, 2036, and as of that date is repealed","(?P<v>January 1, 2036), and as of that date is repealed"
ab2243,chapter,272,https://leginfo.legislature.ca.gov/faces/billTextClient.xhtml?bill_id=202320240AB2243,Assembly Bill No. 2243 CHAPTER 272,(?:Senate|Assembly) Bill No\. \d+ CHAPTER (?P<v>\d+)
ab2243,enacted,"September 19, 2024",https://leginfo.legislature.ca.gov/faces/billTextClient.xhtml?bill_id=202320240AB2243,"Approved by Governor September 19, 2024.","Approved by Governor (?P<v>[A-Z][a-z]+ \d{1,2}, \d{4})\."
ab2243,effective,"January 1, 2025",https://leginfo.legislature.ca.gov/faces/codes_displaySection.xhtml?lawCode=GOV&sectionNum=65912.111,"Stats. 2024, Ch. 272, Sec. 4. (AB 2243) Effective January 1, 2025","Stats\. 2024, Ch\. 272, Sec\. [\d.]+\. \(AB\ 2243\) Effective (?P<v>[A-Z][a-z]+ \d{1,2}, \d{4})"
ab2243,target,,https://leginfo.legislature.ca.gov/faces/billTextClient.xhtml?bill_id=202320240AB2243,"AB 2243, Wicks. Housing development projects: objective standards: affordability and site criteria.","AB 2243, Wicks\. Housing development projects: objective standards: affordability and site criteria\."
ab68,chapter,655,https://leginfo.legislature.ca.gov/faces/billTextClient.xhtml?bill_id=201920200AB68,Assembly Bill No. 68 CHAPTER 655,(?:Senate|Assembly) Bill No\. \d+ CHAPTER (?P<v>\d+)
ab68,enacted,"October 09, 2019",https://leginfo.legislature.ca.gov/faces/billTextClient.xhtml?bill_id=201920200AB68,"Approved by Governor October 09, 2019.","Approved by Governor (?P<v>[A-Z][a-z]+ \d{1,2}, \d{4})\."
ab68,target,,https://leginfo.legislature.ca.gov/faces/billTextClient.xhtml?bill_id=201920200AB68,"AB 68, Ting. Land use: accessory dwelling units.","AB 68, Ting\. Land use: accessory dwelling units\."
ab68,eligibility,,https://leginfo.legislature.ca.gov/faces/billTextClient.xhtml?bill_id=201920200AB68,ministerially approve or deny a permit application for the creation of an accessory dwelling unit or junior accessory dwelling unit within 60 days,ministerially approve or deny a permit application for the creation of an accessory dwelling unit or junior accessory dwelling unit within 60 days
ab881,chapter,659,https://leginfo.legislature.ca.gov/faces/billTextClient.xhtml?bill_id=201920200AB881,Assembly Bill No. 881 CHAPTER 659,(?:Senate|Assembly) Bill No\. \d+ CHAPTER (?P<v>\d+)
ab881,enacted,"October 09, 2019",https://leginfo.legislature.ca.gov/faces/billTextClient.xhtml?bill_id=201920200AB881,"Approved by Governor October 09, 2019.","Approved by Governor (?P<v>[A-Z][a-z]+ \d{1,2}, \d{4})\."
ab881,target,,https://leginfo.legislature.ca.gov/faces/billTextClient.xhtml?bill_id=201920200AB881,"AB 881, Bloom. Accessory dwelling units.","AB 881, Bloom\. Accessory dwelling units\."
ab587,chapter,657,https://leginfo.legislature.ca.gov/faces/billTextClient.xhtml?bill_id=201920200AB587,Assembly Bill No. 587 CHAPTER 657,(?:Senate|Assembly) Bill No\. \d+ CHAPTER (?P<v>\d+)
ab587,enacted,"October 09, 2019",https://leginfo.legislature.ca.gov/faces/billTextClient.xhtml?bill_id=201920200AB587,"Approved by Governor October 09, 2019.","Approved by Governor (?P<v>[A-Z][a-z]+ \d{1,2}, \d{4})\."
ab587,target,,https://leginfo.legislature.ca.gov/faces/billTextClient.xhtml?bill_id=201920200AB587,"AB 587, Friedman. Accessory dwelling units: sale or separate conveyance.","AB 587, Friedman\. Accessory dwelling units: sale or separate conveyance\."
ab2221,chapter,650,https://leginfo.legislature.ca.gov/faces/billTextClient.xhtml?bill_id=202120220AB2221,Assembly Bill No. 2221 CHAPTER 650,(?:Senate|Assembly) Bill No\. \d+ CHAPTER (?P<v>\d+)
ab2221,enacted,"September 28, 2022",https://leginfo.legislature.ca.gov/faces/billTextClient.xhtml?bill_id=202120220AB2221,"Approved by Governor September 28, 2022.","Approved by Governor (?P<v>[A-Z][a-z]+ \d{1,2}, \d{4})\."
ab2221,target,,https://leginfo.legislature.ca.gov/faces/billTextClient.xhtml?bill_id=202120220AB2221,"AB 2221, Quirk-Silva. Accessory dwelling units.","AB 2221, Quirk-Silva\. Accessory dwelling units\."
sb897,chapter,664,https://leginfo.legislature.ca.gov/faces/billTextClient.xhtml?bill_id=202120220SB897,Senate Bill No. 897 CHAPTER 664,(?:Senate|Assembly) Bill No\. \d+ CHAPTER (?P<v>\d+)
sb897,enacted,"September 28, 2022",https://leginfo.legislature.ca.gov/faces/billTextClient.xhtml?bill_id=202120220SB897,"Approved by Governor September 28, 2022.","Approved by Governor (?P<v>[A-Z][a-z]+ \d{1,2}, \d{4})\."
sb897,target,,https://leginfo.legislature.ca.gov/faces/billTextClient.xhtml?bill_id=202120220SB897,"SB 897, Wieckowski. Accessory dwelling units: junior accessory dwelling units.","SB 897, Wieckowski\. Accessory dwelling units: junior accessory dwelling units\."
ab130,chapter,22,https://leginfo.legislature.ca.gov/faces/billTextClient.xhtml?bill_id=202520260AB130,Assembly Bill No. 130 CHAPTER 22,(?:Senate|Assembly) Bill No\. \d+ CHAPTER (?P<v>\d+)
ab130,enacted,"June 30, 2025",https://leginfo.legislature.ca.gov/faces/billTextClient.xhtml?bill_id=202520260AB130,"Approved by Governor June 30, 2025.","Approved by Governor (?P<v>[A-Z][a-z]+ \d{1,2}, \d{4})\."
ab130,immediate,,https://leginfo.legislature.ca.gov/faces/billTextClient.xhtml?bill_id=202520260AB130,to take effect immediately,to take effect immediately
ab130,target,,https://leginfo.legislature.ca.gov/faces/billTextClient.xhtml?bill_id=202520260AB130,"AB 130, Committee on Budget. Housing.","AB 130, Committee on Budget\. Housing\."
ab130,eligibility,,https://leginfo.legislature.ca.gov/faces/billTextClient.xhtml?bill_id=202520260AB130,this division does not apply to any aspect of a housing development project,this division does not apply to any aspect of a housing development project
ab130,elig_source,,https://leginfo.legislature.ca.gov/faces/codes_displaySection.xhtml?lawCode=PRC&sectionNum=21080.66,this division does not apply to any aspect of a housing development project,this division does not apply to any aspect of a housing development project
sb131,chapter,24,https://leginfo.legislature.ca.gov/faces/billTextClient.xhtml?bill_id=202520260SB131,Senate Bill No. 131 CHAPTER 24,(?:Senate|Assembly) Bill No\. \d+ CHAPTER (?P<v>\d+)
sb131,enacted,"June 30, 2025",https://leginfo.legislature.ca.gov/faces/billTextClient.xhtml?bill_id=202520260SB131,"Approved by Governor June 30, 2025.","Approved by Governor (?P<v>[A-Z][a-z]+ \d{1,2}, \d{4})\."
sb131,immediate,,https://leginfo.legislature.ca.gov/faces/billTextClient.xhtml?bill_id=202520260SB131,to take effect immediately,to take effect immediately
sb131,target,,https://leginfo.legislature.ca.gov/faces/billTextClient.xhtml?bill_id=202520260SB131,"SB 131, Committee on Budget and Fiscal Review. Public Resources.","SB 131, Committee on Budget and Fiscal Review\. Public Resources\."
sb131,eligibility,,https://leginfo.legislature.ca.gov/faces/billTextClient.xhtml?bill_id=202520260SB131,This division does not apply to a rezoning that implements the schedule of actions contained in an approved housing element,This division does not apply to a rezoning that implements the schedule of actions contained in an approved housing element
sb79,chapter,512,https://leginfo.legislature.ca.gov/faces/billTextClient.xhtml?bill_id=202520260SB79,Senate Bill No. 79 CHAPTER 512,(?:Senate|Assembly) Bill No\. \d+ CHAPTER (?P<v>\d+)
sb79,enacted,"October 10, 2025",https://leginfo.legislature.ca.gov/faces/billTextClient.xhtml?bill_id=202520260SB79,"Approved by Governor October 10, 2025.","Approved by Governor (?P<v>[A-Z][a-z]+ \d{1,2}, \d{4})\."
sb79,effective,"January 1, 2026",https://leginfo.legislature.ca.gov/faces/codes_displaySection.xhtml?lawCode=GOV&sectionNum=65912.155,"Stats. 2025, Ch. 512, Sec. 1. (SB 79) Effective January 1, 2026","Stats\. 2025, Ch\. 512, Sec\. [\d.]+\. \(SB\ 79\) Effective (?P<v>[A-Z][a-z]+ \d{1,2}, \d{4})"
sb79,target,,https://leginfo.legislature.ca.gov/faces/billTextClient.xhtml?bill_id=202520260SB79,"SB 79, Wiener. Housing development: transit-oriented development.","SB 79, Wiener\. Housing development: transit-oriented development\."
sb79,operative,"July 1, 2026",https://leginfo.legislature.ca.gov/faces/billTextClient.xhtml?bill_id=202520260SB79,"July 1, 2026, except as specified, or within unincorporated areas","(?P<v>July 1, 2026), except as specified, or within unincorporated areas"
rhna,target,,https://leginfo.legislature.ca.gov/faces/codes_displaySection.xhtml?lawCode=GOV&sectionNum=65588,Each local government shall review its housing element as frequently as appropriate,Each local government shall review its housing element as frequently as appropriate
propc,enacted,"May 03, 2016",http://www.sfbos.org/ftp/uploadedfiles/bdsupvrs/ordinances16/o0076-16.pdf,"Date Passed: May 03, 2016","(?:Date Passed: (?P<v>[A-Z][a-z]+ \d{1,2}, \d{4})|FINALLY PASSED on (?P<w>[\d/]+))"
propc,target,,http://www.sfbos.org/ftp/uploadedfiles/bdsupvrs/ordinances16/o0076-16.pdf,"will become effective only on the effective date of the 16 Charter amendment revising Section 16.110 at the June 7, 2016 election","will become effective only on the effective date of the 16 Charter amendment revising Section 16\.110 at the June 7, 2016 election"
propc,effective,06/12/2016,https://sfbos.org/ordinances-2016,160255 0076-16 06/12/2016,"160255 0076-16 (?P<v>\d{1,2}/\d{1,2}/\d{4})"
ord158,enacted,"July 18, 2017",https://sfbos.archive.sf.gov/sites/default/files/o0158-17.pdf,"Date Passed: July 18, 2017","(?:Date Passed: (?P<v>[A-Z][a-z]+ \d{1,2}, \d{4})|FINALLY PASSED on (?P<w>[\d/]+))"
ord158,target,,https://sfbos.archive.sf.gov/sites/default/files/o0158-17.pdf,"following voter approval of Proposition Cat the June 7, 2016 election","following voter approval of Proposition Cat the June 7, 2016 election"
ord158,effective,08/26/2017,https://sfbos.org/ordinances-2017,161351 0158-17 08/26/2017,"161351 0158-17 (?P<v>\d{1,2}/\d{1,2}/\d{4})"
ord193,enacted,"September 05, 2023",https://sfbos.archive.sf.gov/sites/default/files/o0193-23.pdf,"Date Passed: September 05, 2023","(?:Date Passed: (?P<v>[A-Z][a-z]+ \d{1,2}, \d{4})|FINALLY PASSED on (?P<w>[\d/]+))"
ord193,target,,https://sfbos.archive.sf.gov/sites/default/files/o0193-23.pdf,"provide that the type and rates of applicable development impact fees, with the exception of inclusionary housing fees, shall be determined at the time of project approval","provide that the type and rates of applicable development impact fees, with the exception of inclusionary housing fees, shall be determined at the time of project approval"
ord193,effective,10/16/2023,https://sfbos.org/ordinances-2023,230764 0193-23 10/16/2023,"230764 0193-23 (?P<v>\d{1,2}/\d{1,2}/\d{4})"
ord201,enacted,"October 03, 2023",https://sfbos.archive.sf.gov/sites/default/files/o0201-23.pdf,"Date Passed: October 03, 2023","(?:Date Passed: (?P<v>[A-Z][a-z]+ \d{1,2}, \d{4})|FINALLY PASSED on (?P<w>[\d/]+))"
ord201,target,,https://sfbos.archive.sf.gov/sites/default/files/o0201-23.pdf,"reduce Article 4 development impact fees, including lnclusionary Affordable Housing fees","reduce Article 4 development impact fees, including lnclusionary Affordable Housing fees"
ord201,effective,11/12/2023,https://sfbos.org/ordinances-2023,230855 0201-23 11/12/2023,"230855 0201-23 (?P<v>\d{1,2}/\d{1,2}/\d{4})"
homesf,enacted,"June 06, 2017",https://sfbos.archive.sf.gov/sites/default/files/o0116-17.pdf,"Date Passed: June 06, 2017","(?:Date Passed: (?P<v>[A-Z][a-z]+ \d{1,2}, \d{4})|FINALLY PASSED on (?P<w>[\d/]+))"
homesf,target,,https://sfbos.archive.sf.gov/sites/default/files/o0116-17.pdf,to add the Local Affordable Housing Bonus HOME-SF 5 Program,to add the Local Affordable Housing Bonus HOME-SF 5 Program
homesf,effective,07/13/2017,https://sfbos.org/ordinances-2017,150969 0116-17 07/13/2017,"150969 0116-17 (?P<v>\d{1,2}/\d{1,2}/\d{4})"
he2022,enacted,"January 31, 2023",https://sfbos.archive.sf.gov/sites/default/files/o0010-23.pdf,"Date Passed: January 31, 2023","(?:Date Passed: (?P<v>[A-Z][a-z]+ \d{1,2}, \d{4})|FINALLY PASSED on (?P<w>[\d/]+))"
he2022,target,,https://sfbos.archive.sf.gov/sites/default/files/o0010-23.pdf,adopting the Housing Element 2022 Update as the Housing Element of the General Plan,adopting the Housing Element 2022 Update as the Housing Element of the General Plan
he2022,effective,3/3/2023,https://sfbos.org/ordinances-2023,230001 0010-23 3/3/2023,"230001 0010-23 (?P<v>\d{1,2}/\d{1,2}/\d{4})"
fhosud,enacted,"September 05, 2023",https://sfbos.archive.sf.gov/sites/default/files/o0195-23.pdf,"Date Passed: September 05, 2023","(?:Date Passed: (?P<v>[A-Z][a-z]+ \d{1,2}, \d{4})|FINALLY PASSED on (?P<w>[\d/]+))"
fhosud,target,,https://sfbos.archive.sf.gov/sites/default/files/o0195-23.pdf,create the Family Housing Opportunity Special Use District,create the Family Housing Opportunity Special Use District
fhosud,effective,10/16/2023,https://sfbos.org/ordinances-2023,230026 0195-23 10/16/2023,"230026 0195-23 (?P<v>\d{1,2}/\d{1,2}/\d{4})"
hp2023,enacted,"December 12, 2023",https://sfbos.archive.sf.gov/sites/default/files/o0248-23.pdf,"Date Passed: December 12, 2023","(?:Date Passed: (?P<v>[A-Z][a-z]+ \d{1,2}, \d{4})|FINALLY PASSED on (?P<w>[\d/]+))"
hp2023,target,,https://sfbos.archive.sf.gov/sites/default/files/o0248-23.pdf,"exempting, under certain conditions, specified housing projects from the notice and review procedures of Section 311 and the Conditional Use requirement of Section 317","exempting, under certain conditions, specified housing projects from the notice and review procedures of Section 311 and the Conditional Use requirement of Section 317"
hp2023,effective,1/14/2024,https://sfbos.org/ordinances-2023,230446 0248-23 1/14/2024,"230446 0248-23 (?P<v>\d{1,2}/\d{1,2}/\d{4})"
hp2024,enacted,"March 12, 2024",https://sfbos.archive.sf.gov/sites/default/files/o0053-24.pdf,"Date Passed: March 12, 2024","(?:Date Passed: (?P<v>[A-Z][a-z]+ \d{1,2}, \d{4})|FINALLY PASSED on (?P<w>[\d/]+))"
hp2024,target,,https://sfbos.archive.sf.gov/sites/default/files/o0053-24.pdf,"exempting, under certain conditions, specified housing projects from the notice and review procedures of Section 311","exempting, under certain conditions, specified housing projects from the notice and review procedures of Section 311"
hp2024,effective,4/22/2024,https://sfbos.org/ordinances-2024,231258 0053-24 4/22/2024,"231258 0053-24 (?P<v>\d{1,2}/\d{1,2}/\d{4})"
fzp,enacted,"December 09, 2025",https://sfbos.archive.sf.gov/sites/default/files/o0245-25.pdf,"Date Passed: December 09, 2025","(?:Date Passed: (?P<v>[A-Z][a-z]+ \d{1,2}, \d{4})|FINALLY PASSED on (?P<w>[\d/]+))"
fzp,target,,https://sfbos.archive.sf.gov/sites/default/files/o0245-25.pdf,create the Housing Choice-San Francisco Program to incent housing development through a local bonus program,create the Housing Choice-San Francisco Program to incent housing development through a local bonus program
fzp,effective,1/12/2026,https://sfbos.org/ordinances-2025,250701 0245-25 1/12/2026,"250701 0245-25 (?P<v>\d{1,2}/\d{1,2}/\d{4})"
incwaiver,enacted,"December 16, 2025",https://sfbos.archive.sf.gov/sites/default/files/o0260-25.pdf,"Date Passed: December 16, 2025","(?:Date Passed: (?P<v>[A-Z][a-z]+ \d{1,2}, \d{4})|FINALLY PASSED on (?P<w>[\d/]+))"
incwaiver,target,,https://sfbos.archive.sf.gov/sites/default/files/o0260-25.pdf,allow the City to waive the lnclusionary Housing Fee and other requirements,allow the City to waive the lnclusionary Housing Fee and other requirements
incwaiver,effective,1/23/2026,https://sfbos.org/ordinances-2025,250815 0260-25 1/23/2026,"250815 0260-25 (?P<v>\d{1,2}/\d{1,2}/\d{4})"
feedefer,enacted,"October 21, 2025",https://sfbos.archive.sf.gov/sites/default/files/o0196-25.pdf,"Date Passed: October 21, 2025","(?:Date Passed: (?P<v>[A-Z][a-z]+ \d{1,2}, \d{4})|FINALLY PASSED on (?P<w>[\d/]+))"
feedefer,target,,https://sfbos.archive.sf.gov/sites/default/files/o0196-25.pdf,postponing the collection of development impact fees for designated residential development projects,postponing the collection of development impact fees for designated residential development projects
feedefer,effective,11/24/2025,https://sfbos.org/ordinances-2025,250657 0196-25 11/24/2025,"250657 0196-25 (?P<v>\d{1,2}/\d{1,2}/\d{4})"
sitepermit,enacted,"July 25, 2023",https://sfbos.archive.sf.gov/sites/default/files/o0154-23.pdf,"Date Passed: July 25, 2023","(?:Date Passed: (?P<v>[A-Z][a-z]+ \d{1,2}, \d{4})|FINALLY PASSED on (?P<w>[\d/]+))"
sitepermit,target,,https://sfbos.archive.sf.gov/sites/default/files/o0154-23.pdf,define and limit the scope of Building Official review of site permits,define and limit the scope of Building Official review of site permits
sitepermit,effective,8/28/2023,https://sfbos.org/ordinances-2023,230374 0154-23 8/28/2023,"230374 0154-23 (?P<v>\d{1,2}/\d{1,2}/\d{4})"
cuappeal,enacted,9/6/2022,https://sfbos.archive.sf.gov/sites/default/files/o0191-22.pdf,FINALLY PASSED on 9/6/2022,"(?:Date Passed: (?P<v>[A-Z][a-z]+ \d{1,2}, \d{4})|FINALLY PASSED on (?P<w>[\d/]+))"
cuappeal,target,,https://sfbos.archive.sf.gov/sites/default/files/o0191-22.pdf,allow the signatures of Verified Tenants to count towards the threshold needed to permit an appeal of a Conditional Use authorization,allow the signatures of Verified Tenants to count towards the threshold needed to permit an appeal of a Conditional Use authorization
cuappeal,effective,10/17/2022,https://sfbos.org/ordinances-2022,220130 0191-22 10/17/2022,"220130 0191-22 (?P<v>\d{1,2}/\d{1,2}/\d{4})"
mindens,enacted,"December 17, 2024",https://sfbos.archive.sf.gov/sites/default/files/o0292-24.pdf,"Date Passed: December 17, 2024","(?:Date Passed: (?P<v>[A-Z][a-z]+ \d{1,2}, \d{4})|FINALLY PASSED on (?P<w>[\d/]+))"
mindens,target,,https://sfbos.archive.sf.gov/sites/default/files/o0292-24.pdf,require oonditional use authorization for residential housing developments that do not maximize minimum residential density,require oonditional use authorization for residential housing developments that do not maximize minimum residential density
mindens,effective,1/19/2025,https://sfbos.org/ordinances-2024,230596 0292-24 1/19/2025,"230596 0292-24 (?P<v>\d{1,2}/\d{1,2}/\d{4})"
