case_number,motion_number,hearing_date,request_type,project_address,block,lot
1997.482C,14524,1998-01-08,conditional_use,2743-2761 Geary Boulevard,1092,27;28;29;30
1997.636C,14525,1998-01-08,conditional_use,2121 & 2145 19th Avenue,2198,33;34
1997.787B,14520,1998-01-08,office_allocation,650 Townsend Street,3783,9
1997.882R,14521,1998-01-08,other,2290-2295 Geary Boulevard,,
1996.340C,14530,1998-01-15,conditional_use,1660 McAllister Street,1156,13
1997.656C,14529,1998-01-15,conditional_use,1712 Taraval Street,2356,9
1997.658C,14531,1998-01-15,conditional_use,1050 Kirkham Street,1839,7
1997.718C,14532,1998-01-15,conditional_use,3150 22nd Street,3615,15
1997.669C,14535,1998-01-22,conditional_use,1209 Vicente Street,2473,48
1997.783C,14538,1998-01-22,conditional_use,1129 Leavenworth Street,248,5
1997.215X,14541,1998-02-12,downtown_project,39-67 Second Street,3708,19A;33;34
1997.532C,14548,1998-02-12,conditional_use,54 Harriet Street,3731,103
1997.749C,14546,1998-02-19,conditional_use,3101 Mission Street,5501,32A;33;53;54
1997.869CV,14547,1998-02-19,conditional_use,302 Valley Street,6613,8
,14555,1998-03-05,,,,
1997.870CV,14556,1998-03-05,conditional_use,290-296 Valencia Street,3533,10
1997.568C,14602,1998-03-12,conditional_use,98 Ocean Avenue,3207,26
1997.675ECSRZ,14607,1998-03-26,conditional_use,500 Raymond Avenue,6221,2
1997.675ECSRZ,14607,1998-03-26,conditional_use,500 Raymond Avenue,6221,2
1998.005C,14610,1998-04-02,conditional_use,110 Brussels Street,5927,1
1998.066C,14609,1998-04-02,conditional_use,9 Crystal Street,7155,4
1998.034C,14612,1998-04-09,conditional_use_modification,4109-4111 18th Street,2695,1
1998.037C,14614,1998-04-09,conditional_use,1990 Ocean Avenue,3280,18
1998.100C,14613,1998-04-09,conditional_use,704 Kearny Street,208,11
1998.025X,14615,1998-04-16,downtown_project,70-82 Natoma Street,3721,45A;46;53;54
1997.689XCE,14616,1998-04-23,downtown_project,299 Second Street,3736,27;29;35
1998.156C,14618,1998-04-23,conditional_use_modification,790 Lombard Street,65,15A
1998.152C,14621,1998-05-07,conditional_use,366 Columbus Avenue,146,1
1998.103C,14628,1998-05-21,conditional_use,2555 Seventeenth Avenue,2418,4;4A;4B;4C;4D
1998.195C,14630,1998-05-21,conditional_use,2298 Union Street,534,21
1998.127C,14638,1998-06-04,conditional_use_modification,1200 9th Avenue,1742,35;44
1998.136C,14635,1998-06-04,conditional_use,1081 Pine Street,275,7C
1998.186C,14637,1998-06-04,conditional_use,4207 Judah Street,1806,37
1998.197C,14636,1998-06-04,conditional_use,540 and 590 Van Ness Avenue,766,13
1998.285C,14639,1998-06-04,conditional_use,1640 Stockton Street,103,15
1998.251C,14642,1998-06-11,conditional_use,154 Coleridge Street,5642,22
1997.629C,14645,1998-06-18,conditional_use,300 Gough Street,816,8
1998.105C,14646,1998-06-18,conditional_use,300 Gaven Street,5846;5847,1;32
1998.080C,14650,1998-06-25,conditional_use,4314 California Street,1365,14
1998.237C,14649,1998-06-25,conditional_use,2970 25th Avenue,7208,8B
1998.296C,14651,1998-06-25,conditional_use,3600-16th Street,3561,15
1998.317C,14648,1998-06-25,conditional_use,4516-4518 Mission Street,3147,2
1998.335C,14647,1998-06-25,conditional_use,1875 Alemany Blvd,6956,23
1998.287C,14655,1998-07-09,conditional_use,492 Broadway,144,16;17;18
1998.321C,14657,1998-07-09,conditional_use,3178 16th Street,3555,23
1998.391C,14656,1998-07-09,conditional_use,1233 Vicente Street,2473,44
1998.333C,14660,1998-07-16,conditional_use,668 Vermont Street,4028,1E
1998.437C,14662,1998-07-16,conditional_use,1545-1561 Polk Street,643,1
1998.303RCV,14665,1998-07-23,conditional_use,345 Randolph Street,7118,44
1998.354C,14667,1998-07-23,conditional_use,2750 Rivera Street,2094,6
1998.409C,14666,1998-07-23,conditional_use,408-414 Columbus Avenue,131,15
1998.039C,14671,1998-08-06,conditional_use,3338-3388 17th Street,3569,83
1998.460Q,14668,1998-08-06,,3824 Scott Street,417B,15
1997.674B,14672,1998-08-13,other,945 Battery Street,135,1
1998.416C,14673,1998-08-13,conditional_use,450 459 Vienna Street,6076,29
1997.358CV,14681,1998-08-20,conditional_use,105 Miles Street,243,54
1998.256C,14680,1998-08-20,conditional_use,166 Sanchez Street,3541,9
1998.365CV,14679,1998-08-20,conditional_use,2211 Mission Street,3590,34
1998.388C,14676,1998-08-20,conditional_use,665 Third Street,3788,41
1998.509C,14675,1998-08-20,conditional_use,827 Guerrero Street,3608,76
1997.309XCV,14687,1998-08-27,conditional_use,147-151 Minna Street,3722,79
1997.470B,14685,1998-08-27,office_allocation,475 Brannan Street,3787,31
1997.470M,14683,1998-08-27,general_plan_amendment,475 Brannan Street,3787,31
1997.470Z,14684,1998-08-27,rezoning_map_amendment,475 Brannan Street,3787,
1998.310CV,14692,1998-09-03,conditional_use,2360 3rd Street,4108,3R
1998.592C,14690,1998-09-03,conditional_use,1401 California Street,250,1
1998.428C,14695,1998-09-10,conditional_use,1970 McAllister Street,1159,14
1998.288CZ,14704,1998-09-17,conditional_use,945 Vermont Street / 946 Kansas Street,4093,24;25;66;67;92;94
1998.288CZ,14705,1998-09-17,rezoning_map_amendment,949 Vermont Street,4093,92
1998.526C,14714,1998-10-15,conditional_use,1901 Union Street,542,1
1998.283C,14731,1998-11-19,conditional_use,500 Divisadero Street,1203,17A
1998.387C,14770,1999-01-14,conditional_use,425 Folsom Street,3748,29
1996.671CV,14772,1999-01-21,conditional_use,855 Folsom Street,3752,72;89;90
1998.901C,14773,1999-01-21,conditional_use,3100 Webster Street,508,12
1998.364C,14778,1999-02-04,conditional_use,634-636 Clay Street,208,8
1998.968C,14779,1999-02-04,conditional_use,1484 Church Street,6579,7A
1998.243C,14785,1999-02-18,conditional_use,1351 Grant Avenue,131,2
1998.362B,14784,1999-02-18,other,1301 Sansome Street,85,5
1998.757CV,14791,1999-02-25,conditional_use,2107 Van Ness Avenue,575,3
1998.985CV,14790,1999-02-25,conditional_use,451 Eucalyptus Drive,7295,11;17;18
1997.699CA,14795,1999-03-04,conditional_use,926 Grove Street,85,9
1998.544C,14796,1999-03-04,conditional_use,3250 19th Avenue,7231,3
1998.944C,14793,1999-03-04,conditional_use,3219 17th Street,3575,68
1998.329C,14799,1999-03-11,conditional_use,466 Bush Street,270,42
1998.329X,14798,1999-03-11,downtown_project,466 Bush Street,270,42
1998.983C,14802,1999-03-11,conditional_use,1443 7th Avenue,1846,10
1998.870C,14804,1999-03-18,conditional_use,4025 18th Street,3583,84
1998.286C,14809,1999-04-01,conditional_use,33 Powell Street,330,4
1998.967C,14810,1999-04-15,conditional_use,3132 23rd Street,3638,20
1999.056C,14811,1999-04-22,conditional_use,2260-2262 Market Street,3560,10
1999.093C,14812,1999-04-22,conditional_use,5635 Mission Street,6470,1D
1999.099C,14813,1999-04-22,conditional_use,200 Paul Avenue,5431A,1F;1G
1997.823C,14818,1999-05-06,conditional_use_modification,299 Dolores Street,3556,25
1998.738EC,14821,1999-05-06,conditional_use,4279-4285 Mission Street,5893,20;21;22;23;24
1998.909C,14819,1999-05-06,conditional_use,480-498 Castro Street,2647,33
1999.050CV,14814,1999-05-06,conditional_use,577-579 Geary Street,317,17
1998.523CV,14824,1999-05-13,conditional_use,1880 Lombard Street,494,12
1999.140C,14828,1999-05-13,conditional_use_modification,1652 Stockton Street,103,17
1999.171C,14831,1999-05-27,conditional_use,260 Sagamore Street,7137,69
1999.238C,14830,1999-05-27,conditional_use,399 Grove Street,809,14
1999.054CKV,14836,1999-06-03,conditional_use,165 8th Street,3727,61;62;67
1998.804C,14840,1999-06-10,conditional_use,545 Leavenworth Street,319,2
1999.262C,14841,1999-06-10,conditional_use,1626-1630 Powell Street,117,15
1998.539C,14850,1999-06-24,conditional_use,3132 Clement Street,1401,2
1999.170CV,14851,1999-07-08,conditional_use,2500 Market Street,2648,1
1999.342C,14853,1999-07-15,conditional_use,3555 Cesar Chavez Street,6575,1
1998.813XK,14857,1999-07-22,downtown_project,199 Geary Street,,
1998.965C,14859,1999-07-22,conditional_use,467 Potrero Avenue,3974,18
1999.355C,14858,1999-07-22,conditional_use,2775 Van Ness Avenue,503,30
1999.197C,14872,1999-08-26,conditional_use_modification,314 Columbus Avenue,145,13
1999.306C,14873,1999-08-26,conditional_use,2159 and 2169 Chestnut Street,490,16;19
1999.406C,14875,1999-09-02,conditional_use,2801 26th Street,4334,1
1999.416CV,14876,1999-09-02,conditional_use,2516-2524 Mission Street,3616,61
1998.366C,14881,1999-09-09,conditional_use,1111-1175 California Street,253,20
1999.236C,14882,1999-09-09,conditional_use,1750-1758 Polk Street,620,20
1999.360C,14883,1999-09-09,conditional_use,1001 South Van Ness Avenue,3614,62
1999.470C,14896,1999-10-07,conditional_use_modification,1201-1299 Ocean Avenue,6943,49;54
1998.244C,14898,1999-10-14,conditional_use,2901 california street,1029,1;2;33
1998.547C,14905,1999-10-21,conditional_use,455-457 Arkansas Street,4068,21
1998.497X,14924,1999-11-04,downtown_project,215 Fremont Street,3738,12
1999.585ET,14919,1999-11-04,planning_code_amendment,,,
1999.489C,14936,1999-11-18,conditional_use,201 9th Street,3729,82
1999.512T,14929,1999-11-18,planning_code_amendment,,,
1999.575TT,14937,1999-12-09,planning_code_amendment,,,
1998.496C,14948,2000-01-06,conditional_use,333 Dolores Street,3567,57
1999.785D,14951,2000-01-06,discretionary_review,350 Divisadero Street,1217,27
1999.489C,14955,2000-01-13,conditional_use,201 9th Street,3729,82
1999.516C,14969,2000-01-20,conditional_use,262-268 Chestnut Street,55,5
1998.863C,14976,2000-01-27,conditional_use,6900 Geary Boulevard,1465,7
1998.599C,15001,2000-03-02,conditional_use,2361 Lombard Street,512,19;20;21;22;25;26;30
1998.902X,15005,2000-03-02,downtown_project,First and Howard Streets,3720;3721;3736;3737,5;6;7;10;11;35;88;1;2;3A;4;116;1;1A;1B;2;3;4;22;23;24;25;26
1999.176B,15004,2000-03-02,office_allocation,235 Second Street,3736,60;61;62;64;65;66;67
2000.030C,15009,2000-03-09,conditional_use,2965 24th Street,4270,37
1998.703C,15022,2000-04-06,conditional_use,399 Webster Street,842,1
1999.677C,15021,2000-04-06,conditional_use,1081-1097 pine street,275,7C
1998.766B,15028,2000-04-13,office_allocation,535 Mission Street,3721,68;83
1998.766X,15027,2000-04-13,downtown_project,535 mission street,3721,68;83
1999.897C,15029,2000-04-13,conditional_use,6143-6153 Geary Boulevard,1519,35A
2000.069C,15033,2000-04-13,conditional_use_modification,3583 16th Street,3564,92
2000.131C,15032,2000-04-13,conditional_use,291-293 Duboce Avenue,3534,58
2000.258C,15034,2000-04-13,conditional_use_modification,1548 Stockton Street,116,23
1998.635ECBD,15043,2000-05-04,conditional_use,2101-2125 bryant street,4080,7;11;12;14
1999.824C,15047,2000-05-04,conditional_use,722 Broadway Street,147,8
2000.036C,15049,2000-05-04,conditional_use,2350 Turk Street,1107,6
2000.184C,15048,2000-05-04,conditional_use,350 Judah Street,1763,22
1999.578C,15053,2000-05-11,conditional_use,615 Hyde Street,302,8
2000.037C,15058,2000-05-11,conditional_use,531 Divisadero Street,1204,6
2000.182C,15060,2000-05-11,conditional_use,291-293 Duboce Avenue,3534,58
2000.281C,15059,2000-05-11,conditional_use,2300 California Street,636,33
1999.414C,15086,2000-06-08,conditional_use,325 fremont street,3747,12;13;14
2000.023C,15088,2000-06-08,conditional_use,1731-1741 powell street,101,4
2000.113C,15080,2000-06-08,conditional_use,2000 Van Ness Avenue,595,5
2000.391C,15087,2000-06-08,conditional_use,4141 Geary Boulevard,1539,2;3;4
2000.147C,15091,2000-06-15,conditional_use,400 McAllister Street,766,2
2000.303C,15092,2000-06-15,conditional_use,2548 24th Street,4213,1
1999.893C,15094,2000-06-22,conditional_use,114 7th Street,3727,1
2000.399C,15093,2000-06-22,conditional_use,2001 37th Avenue,2094,6
1999.571C,15914,2000-07-06,conditional_use,1344 Ocean Avenue,3198,16
1999.827EC,15908,2000-07-06,conditional_use,160 harrison street,3745,8
2000.161C,15910,2000-07-06,conditional_use,4040 24th Street,3656,12
2000.185C,15911,2000-07-06,conditional_use,131-135 gough street,838,4
2000.266C,15909,2000-07-06,conditional_use,720 Moscow Street,6338,24
2000.378T,15905,2000-07-06,planning_code_amendment,,,
2000.566C,15913,2000-07-06,conditional_use,2500 Turk Street,1107,3A
1999.746C,15916,2000-07-13,conditional_use,360-10th Street,3520,9
2000.063CV,15923,2000-07-13,conditional_use,1638 kirkwood avenue,5279,52
2000.459B,15922,2000-07-13,office_allocation,2801 Leavenworth Street,10,1
1999.040CV,15925,2000-07-20,conditional_use,1738 9th Avenue,2041,31;32
2000.576C,15929,2000-07-20,conditional_use,389 Ninth Avenue,1441,35
2000.387CR,15930,2000-07-27,conditional_use,3 Com Park,5000,1
2000.400C,15931,2000-07-27,conditional_use,950 Mason Street,244,1
1999.209EC,15935,2000-08-03,conditional_use,1748 haight street,1229B,8;32;33;34;35
1999.728C,15933,2000-08-03,conditional_use,"2, 4 and 5 charlton court",542,26;27;31
1999.817C,15936,2000-08-03,conditional_use,990 columbus,65,48
2000.304C,15934,2000-08-03,conditional_use_modification,4050 19th Avenue,7083,10
2000.323C,15937,2000-08-03,conditional_use,545 Powell Street,284,1
1998.497B,15939,2000-08-10,office_allocation,215 fremont street,3738,12
2000.326C,15940,2000-08-10,conditional_use,988 Howard Street,3725,25
2000.565C,15942,2000-08-10,conditional_use_modification,430 Columbus Avenue,131,16
1999.086C,15965,2000-08-24,conditional_use,815-827 Hyde Street,279,4
2000.225CV,15963,2000-08-24,conditional_use,3131 Webster Street,509,2
2000.363CV,15958,2000-08-24,conditional_use,471 and 479 Castro Street,3582,59;60
2000.540C,15964,2000-08-24,conditional_use,1875 Alemany Boulevard,6956,23
1998.953CD,15975,2000-09-07,conditional_use,557 4th street,3776,119
1999.668BEK,15968,2000-09-07,downtown_project,38-44 Tehama Street,3736,111
2000.210C,15969,2000-09-07,conditional_use,2773 folsom street,3640,27
2000.262C,15970,2000-09-07,conditional_use,930 Gough Street,744,9
2000.425C,15971,2000-09-07,conditional_use,1649 Ocean Avenue,6935,27
2000.191X,15998,2000-09-14,downtown_project,61-69 clementina street,3736,36;37
2000.209C,15980,2000-09-14,conditional_use,1470 pine street,645,7A
2000.292C,15979,2000-09-14,conditional_use,772 south van ness avenue,3590,8
2000.745C,15978,2000-09-14,conditional_use,801 38th Avenue,1681,1
1999.216C,15987,2000-09-21,conditional_use,741 ellis street,740,23
2000.136C,15983,2000-09-21,conditional_use,1026 folsom street,3731,15
2000.538C,15982,2000-09-21,conditional_use,3333 25th Street,6527,45
2000.553C,15988,2000-09-21,conditional_use,1129 Folsom Street,3755,99
2000.602C,15984,2000-09-21,conditional_use,4260 Mission Street,6802,1
2000.710C,15986,2000-09-21,conditional_use,470 west portal avenue,2484,8
2000.747C,15985,2000-09-21,conditional_use,2302 polk street,548,15
2000.821Q,15981,2000-09-21,,1649-57 Greenwich Street,521,33
1999.410C,16001,2000-10-05,conditional_use,450 rhode island street,3978,1
2000.035C,16002,2000-10-05,conditional_use,1101-1123 Fillmore Street,755,52
2000.579C,16006,2000-10-12,conditional_use,50-68 julian avenue,3547,22
2000.467C,16013,2000-10-26,conditional_use,2362 Market Street,3562,11
1999.821VCD,16025,2000-11-02,office_allocation,178 Townsend Street,3788,13
2000.290C,16016,2000-11-02,conditional_use,370-398 10th street,3520,11;12;13
2000.530C,16021,2000-11-02,conditional_use,1500 taylor street,158,20
2000.572C,16037,2000-11-16,conditional_use,2543 Noriega Street,2069,10
2000.724C,16034,2000-11-16,conditional_use_modification,1104 York Street,4209,38
2000.429C,16052,2000-12-07,conditional_use,1060-1062 geary street,694,9;9A
2000.987CV,16050,2000-12-07,conditional_use,530 folsom street,3736,17
1999.849VC,16056,2000-12-14,conditional_use,821 Folsom Street,3572,92;93;94
2000.641C,16064,2000-12-14,conditional_use,1047 mississippi street,4224,12
2000.656CV,16059,2000-12-14,conditional_use,1988 van ness avenue,598,10A
2000.887C,16061,2000-12-14,conditional_use,929 market street,3704,64;74;75
2000.988C,16062,2000-12-14,conditional_use,399 fremont street,3747,2
2000.270C,16077,2001-01-11,conditional_use,535-537 Valencia Street,3569,44
2000.265CV,16080,2001-01-18,conditional_use,2940 folsom street,6525,8
2000.1031C,16083,2001-02-01,conditional_use,1060 - 1068 hyde street,251,23
2000.1221C,16085,2001-02-01,conditional_use,450 sutter street,285,6
2000.385C,16084,2001-02-01,conditional_use,2001 union street,541,24
1997.433A,16086,2001-02-08,historic,22 alta street,106,34A
2000.1099X,16087,2001-02-08,downtown_project,57 jessie street,3708,20
2000.591C,16088,2001-02-08,conditional_use,1701 37th avenue,2012,1;5
2000.1179C,16095,2001-02-15,conditional_use,366-368 south van ness avenue,3616,61
2000.552XBCV,16103,2001-02-22,downtown_project,199 new montgomery street,3722,21
2000.171C,16108,2001-03-01,downtown_project,466 Bush Street,270,42
2000.171CX,16109,2001-03-01,conditional_use_modification,466 bush street,270,42
1999.795BCD,16122,2001-03-15,office_allocation,177 townsend street,3794,4;7
1999.795BCD,16122,2001-03-15,conditional_use,177 Townsend Street,3794,4;7
2000.1108C,16116,2001-03-15,conditional_use,3995 Alemany Boulevard,7126A,3
2000.539BC,16115,2001-03-15,downtown_project,500 pine street,258,4;5;6;7;8;9
2000.539BCX,16113,2001-03-15,office_allocation,500 pine street,258,4;5;6;7;8;9
2000.539BCX,16114,2001-03-15,conditional_use,500 pine street,258,4;5;6;7;8;9
2000.986XBCH,16120,2001-03-15,historic,150 powell street,327,22
2000.986XBCH,16117,2001-03-15,downtown_project,150 Powell Street,327,22
2000.986XBCH,16119,2001-03-15,conditional_use,150 powell street,327,22
2000.868CV,16126,2001-03-22,conditional_use,1452 bush street,667,8
2001.0043C,16127,2001-03-22,conditional_use,222 2nd street,3735,63
1999.210C,16133,2001-04-05,conditional_use,3620 19th street,3587,18;68;70
1999.603B,16129,2001-04-05,downtown_project,555 mission street,3721,69;70;78;79;80;81
2000.1268XCV,16134,2001-04-05,downtown_project,663-665 Sutter Street,297,11
2000.1268XCV,16135,2001-04-05,conditional_use,663-665 sutter street,297,11
1998.281BC,16143,2001-04-19,office_allocation,185 berry street,3803,5
1998.281VAND2001.0179V,16144,2001-04-19,,,,
2000.1195C,16146,2001-04-19,conditional_use,547 howard street,3736,110
2000.277BXC,16141,2001-04-19,downtown_project,801 market street,3705,48
2001.0072C,16145,2001-04-19,conditional_use,501-503 laguna street,819,35
2000.1232C,16153,2001-04-26,conditional_use,435 Harriet Street,3784,77
2000.190B,16150,2001-04-26,downtown_project,201 second street,3736,97
2000.190BX,16149,2001-04-26,office_allocation,201 second street,3736,97
2000.613XC,16151,2001-04-26,downtown_project,425 battery street,206,3;4;5
2000.1244C,16161,2001-05-10,conditional_use,2489-2491 washington street,612,22
2001.0252C,16158,2001-05-10,conditional_use,1218 south van ness avenue,3642,67
2001.0363C,16160,2001-05-10,conditional_use,1212 thomas avenue,4792,29
1999.885C,16166,2001-05-17,conditional_use,679 24th Avenue,1567,12
2000.527C,16165,2001-05-17,conditional_use,1635 california street,646,14
2000.1006CV,16171,2001-06-07,conditional_use,2516-2524 mission street,3616,61
2000.259EKXV,16173,2001-06-07,large_project_authorization,421 turk street,346,17
2000.660BX,16174,2001-06-14,office_allocation,35 hawthorne street,3735,47
2000.660BX,16175,2001-06-14,downtown_project,35 Hawthorne Street,3735,47
2000.863CV,16176,2001-06-14,conditional_use,2712 mission street,3643,3
2001.0140C,16178,2001-06-21,conditional_use,845 Vienna Street,,
2000.1261EC,16182,2001-06-28,conditional_use,4501 irving street,1801,47;49
2001.028T,16180,2001-06-28,planning_code_amendment,,,
2001.0518C,16181,2001-06-28,conditional_use,2872 24th Street,4208,20A
2000.0333C,16189,2001-07-12,conditional_use,639 missouri street,4101,60
2000.586X,16186,2001-07-12,downtown_project,1 Polk Street,814,4;5;6;7;8;9
2001.0361C,16188,2001-07-12,conditional_use,1634-44 pine street,647,7
2000.1151CR,16192,2001-07-19,conditional_use,887 Potrero Avenue,4090,2
2001.0293C,16191,2001-07-19,conditional_use,490 2nd Street,3763,7
2001.0223C,16196,2001-07-26,conditional_use,1330-1342 polk street,668,6
2001.0332C,16197,2001-07-26,conditional_use,777 brotherhood way,7380,33
2001.0669XCV,16194,2001-07-26,downtown_project,199 new montgomery street,3722,21
2001.0669XCV,16195,2001-07-26,conditional_use,199 new montgomery street,3722,21
2001.0479EC,16200,2001-08-02,conditional_use,1875 marin street and 1990 evans avenue,4347A,1;2
2000.1315C,16203,2001-08-09,conditional_use,52 sheridan street,3519,34
2001.0503C,16207,2001-08-16,conditional_use,434-450 Harrison Street,3748,12
2000.306C,16217,2001-08-23,conditional_use,215 church street,3544,64
2001.0092EC,16209,2001-08-23,conditional_use,1800-1820 San Jose Avenue,3144A,31
2001.0604C,16219,2001-08-23,conditional_use,3928 Geary Boulevard,1435,16
2001.0639C,16220,2001-08-23,conditional_use,60 6th street,3703,6
2000.1279C,16221,2001-09-06,conditional_use,522-524 clipper street,6545,9
2001.0212C,16243,2001-09-06,conditional_use,901-933 bayshore boulevard,5402,62
2001.0598C,16227,2001-09-06,conditional_use,1844-1850 Irving Street,1731,25;27
2000.961EZCKS,16234,2001-09-13,conditional_use,1101 O'Farrell Street,713;720,33;35;36
1999.423B,16240,2001-09-20,office_allocation,699-2nd Street,3789,4
2000.1140XE,16239,2001-09-20,downtown_project,1 powell street,330,5
2000.723ABCV,16241,2001-09-20,office_allocation,639 2nd street,3789,5
2000.723ABCV,16242,2001-09-20,conditional_use,639 2nd street,3789,5
2000.723ABCV,16243,2001-09-20,historic,639 2nd street,3789,5
2000.0173C,16254,2001-10-04,conditional_use,500 francisco street,42;43,1
2001.0446C,16255,2001-10-04,conditional_use,6901 geary boulevard,1511,1
2001.0749C,16249,2001-10-04,conditional_use,103 broad street,7113,1
2000.1217C,16257,2001-10-11,conditional_use,1100-1126 polk street,692,12
2000.497CV,16256,2001-10-11,conditional_use,611 jones street,304,3
2001.0552C,16258,2001-10-11,conditional_use,4610 mission street,3206,3
2001.0685CR,16260,2001-10-11,conditional_use,135 Sanchez Street,3542,25
2000.692CVD,16264,2001-10-18,conditional_use,2200 mission street,3589,1
2001.0522C,16262,2001-10-18,conditional_use,965-985 geneva avenue,6409,6;7;8;9;10
2001.0667C,16263,2001-10-18,conditional_use,3352 Steiner Street,491,22
2001.0327C,16266,2001-10-25,conditional_use,2038 clement street,1412,32
2001.0781CR,16268,2001-10-25,conditional_use,2155-18th Avenue,2199,3
2000.1190C,16287,2001-11-15,conditional_use,2801-2825 California Street,1028,1
2001.0713C,16288,2001-11-15,conditional_use,2000 Van Ness Avenue,595,5
2001.0790C,16289,2001-11-15,conditional_use,1745 Taraval Street,2398,41
2001.0137CV,16296,2001-12-06,conditional_use,3294 mission street,6596,12
2001.0613CP,16294,2001-12-06,conditional_use,2700-45th avenue,2513,26
2001.0399C,16305,2001-12-13,conditional_use,627 Vallejo Street,146,19;20
2001.0953C,16304,2001-12-13,conditional_use,331 30th Avenue,1403,5
2001.0605C,16314,2001-12-20,conditional_use,510 Frederick Street,1263,6
2001.0718CR,16317,2001-12-20,conditional_use,1701 jerrold avenue,5280,1
2001.0718CR,16316,2001-12-20,general_plan_amendment,1701 jerrold avenue,5280,1
2001.0721C,16318,2001-12-20,conditional_use,2645 Ocean Avenue,7226,23
2001.0938ACD,16312,2001-12-20,historic,3615 20th street,3608,74
2001.0962C,16319,2001-12-20,conditional_use,2400 - 2418 14th Avenue,2412,34
2000.074EKXC,16320,2002-01-10,large_project_authorization,77 van ness avenue,834,22
2000.074EKXC,16321,2002-01-10,conditional_use,77 van ness avenue,834,22
2000.1191C,16328,2002-01-10,conditional_use,1828 geneva avenue,6423,6;7
2001.0406CV,16325,2002-01-10,conditional_use,1654 kirkwood avenue,5279,17;18
2001.0719C,16326,2002-01-10,conditional_use,100 Harrison Street,3745,9
2001.1069T,16324,2002-01-10,planning_code_amendment,,,
2000.520C,16330,2002-01-17,conditional_use,2601 mission street,3637,69
2001.1059C,16329,2002-01-17,conditional_use,2601 Mission Street,3637,69
2000.1094KRV,16338,2002-01-24,general_plan_amendment,golden gate park,1700,1
2000.1094KRV,16337,2002-01-24,other,,1700,1
2001.0632C,16333,2002-01-24,conditional_use,1926-1928 Clement Street,1413,20
2001.0841C,16335,2002-01-24,conditional_use,448 Cortland Avenue,5678,1
2001.0994C,16334,2002-01-24,conditional_use,5700 mission street,7109,1
2000.1141C,16340,2002-02-07,conditional_use,2346-2348 clement street,1409,25
2001.1026C,16339,2002-02-07,conditional_use,1239 9th Avenue,1714,6
2001.0954C,16348,2002-02-21,conditional_use,420 29th Avenue,1460,15
2000.1130C,16352,2002-02-28,conditional_use,6-8 Locksley Avenue,2636,3
2001.0536C,16355,2002-02-28,conditional_use,2696 Geary Boulevard,1071,4
2001.0800CD,16356,2002-02-28,conditional_use,301 guerrero street,3555,35
2001.1109C,16354,2002-02-28,conditional_use,2696 geary boulevard,1071,4
2001.1142C,16353,2002-02-28,conditional_use,20 Woodside Avenue,2888A,1
2000.809C,16362,2002-03-14,conditional_use,"522, 550, and 552 carter street, 105 walbridge street",6428,2;3;4;6
2001.0716CEKV,16361,2002-03-14,conditional_use,755 eddy street,742,10
2001.1169C,16364,2002-03-21,conditional_use,1101-1123 Fillmore Street,755,2
2002.0068C,16365,2002-03-21,conditional_use,965 sutter street,300,22
2002.0060C,16367,2002-04-04,conditional_use,2325 Union Street,538,22
2002.0182C,16368,2002-04-04,conditional_use,141 mason street,331,3
2001.0847C,16373,2002-04-11,conditional_use,755 ocean avenue,6948,23
2001.0864CV,16374,2002-04-11,conditional_use_modification,900 balboa street,1553,18
2001.1027CR,16372,2002-04-11,conditional_use,3224-3252 Pierce Street,490,9;10;11;12;13
2001.1098H,16379,2002-04-18,historic,216 stockton street,309,13
2002.0012C,16377,2002-04-18,conditional_use,434 harrison street,3748,12
2002.0057C,16382,2002-04-18,conditional_use,5200 Geary Boulevard,1448,45
2002.0069CV,16380,2002-04-18,conditional_use,"2559, 2563-2567 san bruno avenue",5438,27;28;29
2002.0194C,16381,2002-04-18,conditional_use,464 Broadway,144,14
2000.0882PR,16386,2002-04-25,coastal,99 harding road,7283,
2001.0995CV,16390,2002-04-25,conditional_use,3130-3154 noriega street,2011,7
2002.0192C,16385,2002-04-25,conditional_use,2215-2217 union street,539,1A
2001.0197C,16405,2002-05-09,conditional_use,951-957 mission street,3725,88
2002.0013ECV,16406,2002-05-09,conditional_use,5199 mission street,6463,57;58
2000.1061ECK,16408,2002-05-16,conditional_use,400 paul avenue,5431A,14
2000.718CEKV,16409,2002-05-16,conditional_use,1630 california street,643,3
2000.790KEXCTZM,16410,2002-05-23,planning_code_amendment,888 Howard Street,3724,66
2000.965EKXC,16413,2002-05-23,downtown_project,949-961 market street,3704,71
2002.0321CD,16415,2002-05-23,conditional_use,3003/3005 - 23rd street,3640,1
2002.0323CD,16416,2002-05-23,conditional_use,3007/3009 - 23rd Street,3640,1
2002.0314CV,16419,2002-05-30,conditional_use,4601 3rd street,5306,4;29
2001.0494CDV,16425,2002-06-06,conditional_use,1475-79 folsom street,3520,30B;30C
2001.0789C,16430,2002-06-06,conditional_use,597-599 monterey boulevard,3116,28
2001.1202C,16429,2002-06-06,conditional_use,5200 diamond heights boulevard,7521,1
2002.0014C,16425,2002-06-06,conditional_use,257 broad street,7114,53
2000.1058CE,16445,2002-06-20,conditional_use,1598 dolores street,6618,7;9;38
2001.0535ECVK,16443,2002-06-20,conditional_use,724-730 Van Ness Avenue,742,4;8
2002.0408C,16446,2002-06-20,conditional_use,2863 California Street,1028,23
2000.0005EZKCR,16455,2002-06-27,conditional_use,375 Laguna Honda Boulevard,2842,7
2001.0378CV,16457,2002-06-27,conditional_use,131 and 145 taylor street,339,2;18
2002.0050BD,16451,2002-06-27,other,3251-3271 18th Street,3591,18
2002.0279X,16459,2002-09-12,downtown_project,1 Front Street,266,9
2002.0613IC,16464,2002-09-26,conditional_use,301 lyon street,1207,8
2002.0155C,16466,2002-10-03,conditional_use,1221 oakdale avenue,4733,11
2002.0401C,16465,2002-10-03,conditional_use,531-539 mission street,3721,68;83
2002.0440C,16467,2002-10-03,conditional_use,77-79 shotwell street,3549,66
2002.0217C,16470,2002-10-17,conditional_use,3426-28 balboa street,1578,14A
2002.0229C,16472,2002-10-17,conditional_use,2545 judah street,1823,51
2002.0299CD,16473,2002-10-17,conditional_use,651 29th street,7537,48;49
2002.0736C,16471,2002-10-17,conditional_use,2444 noriega street,2018,4F
2000.914EKCV,16478,2002-11-14,conditional_use,650-666 eddy street,740,11;12
2002.0441CR,16476,2002-11-14,conditional_use,1701 jerrold avenue,5280,1
2001.1078C,16482,2002-11-21,conditional_use,1507 ocean avenue,6936,17
2002.0934AKXV,16479,2002-11-21,large_project_authorization,333 Grant Avenue,286,2
2002.0124CVR,16488,2002-12-05,conditional_use,2815 diamond street,6745,25A;26;27;28;29;63
2002.0466EKXC,16484,2002-12-05,large_project_authorization,555 and 575 market street,3708,57;58
2002.0466EKXC,16485,2002-12-05,conditional_use,555 and 575 market street,3708,57;58
2002.0691B,16483,2002-12-05,office_allocation,499 illinois street,,
2001.0283ICV,16494,2002-12-12,conditional_use,380-386 ellis street,324,11
2002.0836C,16492,2002-12-12,conditional_use,3711 19th Avenue,7335,1
2002.0110EKC,16496,2002-12-19,conditional_use,2130 fulton street,1145,3
2002.0313CV,16498,2002-12-19,conditional_use,527 gough street,793,34;40
2002.0451ECKTZ,16502,2002-12-19,conditional_use,1250 haight street,1234,11;14
2002.1112C,16497,2002-12-19,conditional_use,560 hayes street,807,8
2002.0414TZ,16507,2003-01-09,planning_code_amendment,,,
2002.0940C,16503,2003-01-09,conditional_use,1780 oakdale avenue,5312,21
2002.1007C,16504,2003-01-09,conditional_use,1193 oak street,1218,23
2002.0915EC,16511,2003-01-16,conditional_use_modification,1635 california street,646,14
2002.1153T,16509,2003-01-16,planning_code_amendment,,,
2001.1058CEKZ,16515,2003-01-23,conditional_use,2161 sutter street,682,5
2002.0223B,16516,2003-01-23,office_allocation,501 folsom street,3749,1
2002.0942C,16513,2003-01-23,conditional_use,470-476 castro street,2647,12
2002.0281EC,16517,2003-02-06,conditional_use,"5825-5845 mission street, 50-68 oliver street & 846-848 brunswick street",6472,2;3;5;14;15;27
2002.0367C,16526,2003-02-06,conditional_use,1601 lane street,5340,9
2002.0470CV,16525,2003-02-06,conditional_use,2012 pine street,651,3A
2002.0951XV,16527,2003-02-06,downtown_project,693 sutter street,297,9
2002.1078C,16524,2003-02-06,conditional_use,3734 geary boulevard,1433,10;11
2002.1087C,16523,2003-02-06,conditional_use,1201-19th avenue,1731,1
2002.0813C,16531,2003-02-20,conditional_use,177 townsend street,3794,4;7
2002.1001CD,16532,2003-02-20,conditional_use,2020 clement street,1412,17
2002.0575C,16534,2003-02-27,conditional_use,3400 block of 19th street,3596,104
2002.0812KCV,16535,2003-02-27,downtown_project,61-69 clementina street,3736,36;37
2002.0812KXCV,16536,2003-02-27,conditional_use,61-69 Clementina Street,3736,36;37
2002.1238C,16538,2003-03-06,conditional_use,1777 fulton street,1186,18A
2003.0027C,16537,2003-03-06,conditional_use,2969 24th street,4270,36
2002.0828C,16541,2003-03-13,conditional_use,598 belvedere street,1279,48
2002.1111CV,16544,2003-03-13,conditional_use,1451-1455 haight street,1244,28
2002.1174C,16542,2003-03-13,conditional_use,2223 polk street,550,6
2000.1311ECD,16546,2003-03-20,conditional_use,2690 harrison street,3639,4
2002.0771CDV,16550,2003-03-20,conditional_use,559 vallejo street,145,27;35;36
2002.0877CR,16548,2003-03-20,conditional_use,720 moscow street,6338,24
2002.0260C,16555,2003-03-27,conditional_use,965-985 Geneva Avenue,6409,6;7;8;9;10
2002.0925ACV,16556,2003-03-27,conditional_use,639-699 2nd Street,3789,4;5
2002.0925ACV,16557,2003-03-27,historic,639-699 2nd street,3789,4;5
2002.1231C,16558,2003-03-27,conditional_use,1017 ocean avenue,6945,41
2003.0032C,16552,2003-03-27,conditional_use,1200 9th avenue,1742,51;52
2003.0083C,16553,2003-03-27,conditional_use,570 green street,116,20
2002.0390CD,16564,2003-04-03,conditional_use,1628 larkin street,217,17
2002.0395C,16562,2003-04-03,conditional_use,417 31st avenue,1463,1
2002.0967C,16561,2003-04-03,conditional_use,2000 van ness avenue,595,5
2003.0037C,16560,2003-04-03,conditional_use,165-167 Texas Street,3986,16;17;18
2001.0862EKIHX,16569,2003-04-10,large_project_authorization,50-70 oak street,834,5;7
2002.0446CEKV,16572,2003-05-01,conditional_use,40-50 lansing street,3749,11
2002.0475E,16573,2003-05-01,appeal_preliminary_negative_declaration,,,
2002.0657C,16571,2003-05-01,conditional_use,3725 buchanan street,445A,4
2003.0020CV,16575,2003-05-01,conditional_use,2800 taraval street,2367,12
2003.0220C,16574,2003-05-01,conditional_use_modification,495 castro street,3582,57
2003.0016C,16576,2003-05-08,conditional_use,653 kearny street,226,1
2003.0093TZ,16577,2003-05-08,planning_code_amendment,,,
2002.0333C,16579,2003-05-15,conditional_use,284 valencia street,3533,9
2003.0226CV,16581,2003-05-15,conditional_use,1038 howard street,3726,17
2002.0065KAC,16590,2003-05-22,conditional_use,150 Broadway,141,11
2002.0065KAC,16589,2003-05-22,historic,150 Broadway,141,11
2002.0897CV,16584,2003-05-22,conditional_use,130-134 ripley street,5549,101
2002.1041C,16586,2003-05-22,conditional_use,103-111 sagamore street,7147,32
2002.1175C,16585,2003-05-22,conditional_use,680-686 valencia street,3577,7
2003.0120C,16583,2003-05-22,conditional_use,3927 lawton street,1898,43
2002.1093C,16593,2003-06-05,conditional_use,1420 haight street,1232,5
2002.0477C,16600,2003-06-12,conditional_use,351-363 shotwell street,3574,67;113
2002.0497C,16596,2003-06-12,conditional_use,2026 lombard street,492,25
2003.0028XCV,16597,2003-06-12,downtown_project,150 Powell Street,327,22
2003.0028XCV,16598,2003-06-12,conditional_use,150 Powell Street,327,22
2003.0437C,16601,2003-06-19,conditional_use,3817 noriega street,2082,1
2002.0809C,16605,2003-06-26,conditional_use,340-370 Valencia Street,3546,2
2003.0162C,16606,2003-06-26,conditional_use,1624 california street,643,7
2003.0166C,16603,2003-06-26,conditional_use,2068-2070 Mission Street,3569,13
2002.1049C,16611,2003-07-10,conditional_use,34 leland avenue,6248,10
2003.0109EKCV,16610,2003-07-10,conditional_use,988-992 howard street,3725,25
2003.0466C,16608,2003-07-10,conditional_use,555 4th street,3776,119
2003.0544C,16612,2003-07-10,conditional_use,605 italy avenue,6340,25A
2002.0430C,16614,2003-07-17,conditional_use,378 10th Avenue,1441,35
2003.0223C,16615,2003-07-17,conditional_use,1275 fell street,1215,11
2003.0606C,16613,2003-07-17,conditional_use,2111 mission street,3575,91
2002.1219C,16619,2003-07-24,conditional_use,1770-1780 fell street,1209,18
2001.0792EXKC,16623,2003-07-31,conditional_use,301 Mission Street,3719,1;17
2001.0792IEKXC,16622,2003-07-31,downtown_project,301 mission street,3719,1;17
2003.0596C,16628,2003-07-31,conditional_use,seawall lot #330,3771,
2002.1121C,16637,2003-08-21,conditional_use,344 taraval street,2342,21
2002.1301CV,16635,2003-08-21,conditional_use,230-242 turk street,338,24;6
2003.0018C,16633,2003-08-21,conditional_use,450 rhode island street,3978,1
2003.0038T,16632,2003-08-21,planning_code_amendment,,3978,1
2003.0532XV,16634,2003-08-21,downtown_project,239 grant avenue,294,4
2003.0376C,16639,2003-08-28,conditional_use,5630 Mission Street,7098,12
2003.0705C,16640,2003-08-28,conditional_use,3981 alemany boulevard,7126A,9
,16646,2003-09-04,,,,
2000.1090C,16648,2003-09-04,conditional_use,300 spear street,3745,1
2002.0207C,16650,2003-09-04,conditional_use,5894-5898 mission street,7143,33
2002.0896C,16654,2003-09-04,conditional_use,436 clementina street,3732,62
2002.1021C,16653,2003-09-04,conditional_use,2525 California Street,655,32
2003.0278C,16651,2003-09-04,conditional_use,5810 mission street,7143,39;42;49
2003.0727C,16655,2003-09-04,conditional_use,498-6th street,3759,11
2003.0796C,16656,2003-09-04,conditional_use,1501-1503 Grant Avenue,103,7
2002.0277C,16658,2003-09-18,conditional_use,150 golden gate avenue,344,4
2002.0447C,16661,2003-09-18,conditional_use,302 silver avenue,5952,2
2003.0244C,16660,2003-09-18,conditional_use,2101 block of bryant street & 2830 20th street,4080,60;62;63
2003.0411EX,16664,2003-09-18,downtown_project,530-532 folsom street,3736,17
2003.0653C,16662,2003-09-18,conditional_use,287 297 sagamore street,7148,39
2002.1306C,16665,2003-09-25,conditional_use,1155 tennessee street,4172,44
2003.0042T,16667,2003-09-25,planning_code_amendment,,,
2001.0911R,16671,2003-10-02,general_plan_amendment,,1700,1
2002.0804C,16674,2003-10-02,conditional_use,1212 geary boulevard,696,2
2002.1105C,16670,2003-10-02,conditional_use,4039 18th street,3583,81
2003.0766TZ,16672,2003-10-02,planning_code_amendment,,,
2003.0801TZ,16673,2003-10-02,planning_code_amendment,,,
2003.0804C,16676,2003-10-02,conditional_use_modification,901-933 bayshore boulevard,5402,62
2003.0224C,16680,2003-10-23,conditional_use,600 van ness avenue,763,9
2003.0941C,16678,2003-10-23,conditional_use_modification,500-560 potrero avenue,4014,1
2002.1086C,16688,2003-11-13,conditional_use,501 2nd street,3774,67
2003.0141C,16687,2003-11-13,conditional_use,3535-3555 balboa street,1608,18
2003.0611C,16682,2003-11-13,conditional_use,1121 polk street,691,2
2003.0747C,16684,2003-11-13,conditional_use,1015 stockton street,192,3
2003.0809C,16685,2003-11-13,conditional_use,707-719 clement street,1440,36;38
2002.0628EKCV,16693,2003-12-04,conditional_use,1160 mission street,3702,37;38;56
2002.0628EKXCV,16692,2003-12-04,large_project_authorization,1160 mission street,3702,37;38;56
2002.0658C,16699,2003-12-04,conditional_use,735 7th avenue,1650,36
2003.0397C,16698,2003-12-04,conditional_use,1398 19th avenue,1773,10
2003.0865C,16695,2003-12-04,conditional_use,1356 grant avenue,132,51
2003.0924C,16696,2003-12-04,conditional_use_modification,659 columbus avenue,101,3
2003.0963C,16697,2003-12-04,conditional_use,1160 polk street,692,13
2002.1298EKCDV,16703,2003-12-18,conditional_use,624 and 630-632 laguna street,807,12;13
2003.0142C,16706,2003-12-18,conditional_use,3179 23rd street,3641,36
2003.0838C,16705,2003-12-18,conditional_use,848 cole street,1268,28
2003.0881C,16704,2003-12-18,conditional_use,3119 clement street,1464,26
2001.0569L,16712,2004-01-15,historic,3150 sacramento street,1006,121
2003.0280C,16707,2004-01-15,conditional_use,4071 18th street,3583,75
2004.2003.0993C,16713,2004-01-15,conditional_use,572-576 Green Street,116,20
2002.0605CV,16717,2004-01-22,conditional_use,4614-4630 california street,1368,49
2002.0376EKC,16725,2004-02-05,conditional_use,8 washington street,0168;0171;0201,58;69;12
2003.0868C,16719,2004-02-05,conditional_use,540 valencia street,3568,6
2003.0892C,16718,2004-02-05,conditional_use,1350-1352 thomas avenue,4791,7
2003.0940C,16720,2004-02-05,conditional_use,1469 18th street,4036,27
2003.1077C,16731,2004-02-19,conditional_use,1970 mcallister street,1159,14
2003.1082C,16729,2004-02-19,conditional_use,1145 Polk Street,691,1
2003.1258C,16732,2004-02-19,conditional_use,444 presidio avenue,1022,26
2003.1296C,16733,2004-02-19,conditional_use,3198 16th Street,3555,27
2003.1314C,16734,2004-02-26,conditional_use,900-916 grant avenue,194,12
2003.1038KCR,16738,2004-03-04,conditional_use,1490 Mason Street,159,46
2004.0050T,16740,2004-03-11,planning_code_amendment,,,
2000.152CV,16741,2004-03-18,conditional_use,3229-3231 mission street,5615,44
2002.1084C,16744,2004-03-18,conditional_use,321-323 grant avenue,286,3
2003.0080C,16742,2004-03-18,conditional_use,2599 lombard street,938,16
2003.0584EKCMTZLU,16748,2004-03-18,conditional_use,690 market street,311,6
2003.0584EKXCMTZLU,16747,2004-03-18,downtown_project,690 market street,311,6
2003.0584EKXCMTZLU,16751,2004-03-18,historic,690 market street,311,6
2003.0584EXCMTZLU,16746,2004-03-18,ceqa_environmental,690 market street,311,6
2003.0829C,16743,2004-03-18,conditional_use,1151-1153 geneva avenue,6405,17
1999.0233EC,16755,2004-03-25,conditional_use,833-881 jamestown avenue,4991,277
2001.1039EKBMZ,16759,2004-03-25,large_project_authorization,55 ninth street,3701,63;64
2002.1198CV,16762,2004-04-01,conditional_use,3184 mission street,6574,15
2003.0167C,16761,2004-04-01,conditional_use,42-44 shotwell street,3549,56
2003.1091C,16763,2004-04-01,conditional_use,2696 Geary Boulevard,1071,4
2003.1230C,16766,2004-04-08,conditional_use,1014 clement street,1422,19
2003.1305C,16767,2004-04-15,conditional_use,2238-2250 geary boulevard,1079,25
2004.0140C,16768,2004-04-15,conditional_use,496 14th street,3533,
2003.0949C,16771,2004-04-22,conditional_use,3300 clay street,997,4
2003.1273C,16770,2004-04-22,conditional_use_modification,2001 37th avenue,2094,6
2003.1181KCR,16780,2004-05-06,conditional_use,801-825 mission street,3724,67
2004.0116CV,16776,2004-05-06,conditional_use,528 divisadero street,1203,21
2004.0185C,16778,2004-05-06,conditional_use,3991 alemany boulevard,7126A,12
2003.1227C,16785,2004-05-13,conditional_use,549-573 mission street,3721,120
2003.0855C,16790,2004-05-20,conditional_use,680-682 haight street,847,19
2003.1159CR,16792,2004-05-20,conditional_use,1001 potrero avenue,4154,1
2003.1048CTV,16795,2004-05-27,rezoning_map_amendment,Oakdale Avenue and Third Street,5322,45
2003.1048CTZ,16796,2004-05-27,planning_code_amendment,,5322,45
2003.1048CTZV,16797,2004-05-27,conditional_use,4800 third street,5322,45
2003.0587EH,16805,2004-06-03,large_project_authorization,938-942 market street,341,5
2003.0587EHXLUV,16804,2004-06-03,historic,938-942 market street,341,5
2003.0841C,16808,2004-06-03,conditional_use,1950-1960 Green Street,542,40
2003.0846CR,16801,2004-06-03,conditional_use,1298 ocean avenue,3199,17
2004.0090EKCV,16802,2004-06-03,conditional_use,2655 van ness avenue,522,1
2002.0927EKCV,16813,2004-06-10,large_project_authorization,1340-1390 mission street,3508,13;26;27
2004.0213CV,16811,2004-06-10,conditional_use,52-60 6th street,3703,6
2004.0302T,16816,2004-06-10,planning_code_amendment,,,
2004.0306C,16815,2004-06-10,conditional_use,50 thomas more way,7380,10;11
2003.0375C,16825,2004-06-24,conditional_use,274 brannan street,3774,73
2004.0438C,16826,2004-06-24,conditional_use,3231 Mission Street,5615,44
2004.0480C,16824,2004-06-24,conditional_use,1400-1424 Grant Avenue,115,19
2004.0504T,16822,2004-06-24,planning_code_amendment,,,
2003.0313C,16838,2004-07-15,conditional_use,2243-2247 Market Street,3559,19
2003.1252C,16837,2004-07-15,conditional_use,498 funston avenue,1532,18
2004.0381C,16836,2004-07-15,conditional_use,2 sanchez street,3538,1
2004.0538T,16835,2004-07-15,planning_code_amendment,,,
2003.0363CD,16845,2004-08-05,conditional_use,2626 balboa street,1570,11A
2003.1243EZXC,16844,2004-08-05,conditional_use,418-420 jessie street,3704,6
2003.1243EZXC,16843,2004-08-05,downtown_project,418-420 jessie street,3704,6
2003.0429CV,16851,2004-08-12,conditional_use,520 chestnut street,52,9
2003.1208C,16847,2004-08-12,conditional_use,2601 mission street,3637,69
2004.0088C,16848,2004-08-12,conditional_use,1042 minna street,3511,76
2004.0402C,16852,2004-08-12,conditional_use,165 guerrero street,3533,29
2004.0522C,16849,2004-08-12,conditional_use,2001 union street,541,24
2204.0272XV,16853,2004-08-12,large_project_authorization,83 McAllister Street,351,32
2004.0658T,16855,2004-09-02,planning_code_amendment,,,
2004.0617C,16857,2004-09-09,conditional_use,1458-1462 grant avenue,115,21
2004.0645C,16856,2004-09-09,conditional_use,5825-5845 mission street,6472,2;3;5;14;15;27
2003.1086CV,16863,2004-09-23,conditional_use,1 south park,3775,7
2004.0198C,16861,2004-09-23,conditional_use,527 balboa street,1638,32
2004.0251C,16864,2004-09-23,conditional_use,2298 market street,3560,15
2004.0550C,16865,2004-09-23,conditional_use,562 arlington street,6726,23
2002.1220ECV,16868,2004-10-07,conditional_use,999 geary street,716,6;7
2004.0267C,16869,2004-10-07,conditional_use,3231-3237 Pierce Street,489,5;6
2004.0739T,16866,2004-10-07,planning_code_amendment,,,
2004.0182C,16870,2004-10-14,conditional_use,1135 Evans Avenue,4602A,14
2003.0304CV,16872,2004-10-21,conditional_use,829 folsom street,3752,91
2002.0928CEV,16878,2004-10-28,conditional_use,7-11 vandewater street,41,9;19
2003.0262EKCVMRTZ,16882,2004-10-28,downtown_project,1401-1435 market street,3507,39
2003.0262EKCVMRTZ,16883,2004-10-28,conditional_use,1401-1435 market street,3507,39
2004.0141C,16877,2004-10-28,conditional_use,100 felton street,5926,13
2004.0347C,16884,2004-11-18,conditional_use,2800 Leavenworth Street,11,7;8
2004.0551AXV,16885,2004-11-18,downtown_project,201 sansome street,260,5
2004.0234CV,16892,2004-11-29,conditional_use,2917-2919 24th street,426,15
2004.0660C,16890,2004-11-29,conditional_use,55 farallones street,7108,54
2004.0831C,16891,2004-11-29,conditional_use,532-536 green street,116,15
2003.0964C,16895,2004-12-02,conditional_use,1881 post street,701,1
2004.0353C,16896,2004-12-02,conditional_use,2241 Geary Boulevard,1098,50
2004.0501C,16897,2004-12-02,conditional_use,2000 Van Ness Avenue,595,5
2004.0649C,16893,2004-12-02,conditional_use,601-605 baker street,1177,10
2004.1029C,16894,2004-12-02,conditional_use,41-47 West Portal Avenue,2979A,26
2002.0129C,16903,2004-12-09,conditional_use,835 hyde street,279,3
2003.0145CVE,16915,2004-12-09,conditional_use,430 eddy street,334,8
2003.0151EKCV,16913,2004-12-09,conditional_use,519 Ellis Street,334,28
2003.0807CEK,16921,2004-12-09,conditional_use,606-624 divisadero street,1202,2J
2003.1162EC,16918,2004-12-09,conditional_use_modification,2351 Powell Street,31;32;33,1;3;4;1;2;3
2004.0882EMZRU,16908,2004-12-09,other,,4591A,10
2004.0925C,16916,2004-12-09,conditional_use,431 columbus avenue,131,26
2004.1047XC,16920,2004-12-09,conditional_use_modification,72 Ellis Street,327,11
2004.1047XC,16919,2004-12-09,downtown_project,72 Ellis Street,327,11
2004.0205EKCV,16923,2004-12-16,conditional_use,1218-1226 leavenworth street,220,23A
2004.0055Z,16926,2005-01-13,planning_code_amendment,,,
2002.1305C,16930,2005-01-20,conditional_use,1096 south van ness avenue,3615,10
2004.0574C,16931,2005-01-20,conditional_use,1656 shafter avenue,5342,5A
2004.0906EC,16932,2005-01-20,conditional_use,981 washington street,211,24
2004.0636CV,16935,2005-01-27,conditional_use_modification,325 fremont street,3747,12;13;14
2004.0952C,16937,2005-01-27,conditional_use,2141 chestnut street,490,20
2004.0560EKCVD,16941,2005-02-03,conditional_use,787 brannan street,3784,18
2004.0849C,16945,2005-02-03,conditional_use_modification,1720-1730 fulton street,1175,30
2001.0249EKCIV,16949,2005-02-24,conditional_use,605 kearny street,226,7
2004.0601C,16950,2005-02-24,conditional_use_modification,299 dolores street,3556,25
2001.0772C,16957,2005-03-03,conditional_use,3318 Mission Street,6635,3
2005.0081T,16958,2005-03-03,planning_code_amendment,,,
2004.1169C,16961,2005-03-10,conditional_use,1251 Thomas Avenue,4807,30
2004.1323C,16963,2005-03-10,conditional_use,4022-26 24th street,3656,10
2004.1320C,16964,2005-03-17,conditional_use,1177 california street,253A,258;259
2005.0140CEKV,16965,2005-03-17,conditional_use_modification,230-242 turk street,338,25
2004.0905C,16967,2005-03-24,conditional_use,3011 steiner street,535,4A
2005.0055C,16968,2005-03-24,conditional_use,59 30th street,6660,44
2004.0309EKFSCDTZ,16976,2005-04-07,conditional_use,2949 18th Street,4021,1
2005.0130C,16981,2005-04-07,conditional_use,3625 buchanan street,460A,126
2004.0945C,16983,2005-04-14,conditional_use,695 bryant,3777,47
2004.0508C,16992,2005-04-21,conditional_use,3555 cesar chavez street,6575,1
2004.1346C,16991,2005-04-21,conditional_use,5260 diamond heights boulevard,7521,2
2005.0110C,16993,2005-04-21,conditional_use,3800 24th street,3651,14
2005.0198X,16994,2005-04-21,downtown_project,301 mission street,3719,1;17
2004.0296EKX,16997,2005-04-28,large_project_authorization,631 folsom street,3750,90
2005.0092C,16995,2005-04-28,conditional_use,465 woolsey street,6118,15;16
2005.0096C,16996,2005-04-28,conditional_use,1160 Mission Street,3702,37;38;56
2000.1081EMTZ,17012,2005-05-05,planning_code_amendment,,3744;3745;3746;3747;3748;3749;3766;3767;3768;3769,
2004.0953EKVH,17003,2005-05-05,large_project_authorization,74 new montgomery street,3707,33
2004.0953EKVHX,17004,2005-05-05,historic,74 New Montgomery Street,3707,33
2004.1049CR,16998,2005-05-05,conditional_use,390 main street,3746,1
2004.1341EXCV,17002,2005-05-05,conditional_use,715-719 and 721 market street,3706,63;64
2004.1341EXV,17001,2005-05-05,downtown_project,715-719 and 721 market street,3706,63;64
2005.0097CV,17006,2005-05-05,conditional_use,890 vienna street,6353,3
2005.0311C,17000,2005-05-05,conditional_use,1303 polk street,667,3
2004.1212C,17015,2005-05-12,conditional_use,2839-41 Mission Street,6517,29
2004.1342EXV,17017,2005-05-12,large_project_authorization,693 Sutter Street,297,9
2005.0056C,17014,2005-05-12,conditional_use,1640 hayes street,1198,14
2003.0536CR,17022,2005-05-19,conditional_use,800 brotherhood way,7332,2;3
2003.0536CR,17023,2005-05-19,general_plan_amendment,800 brotherhood way,7332;7331,2;3
2004.0150C,17026,2005-05-26,conditional_use,1450 lombard street,498,29
2004.1338C,17025,2005-05-26,conditional_use,2231 pine street,660,31
2004.0487C,17029,2005-06-02,conditional_use,179 san carlos street,3589,23
2004.1067C,17030,2005-06-02,conditional_use,33-35 moss street,3731,67
2005.0105CV,17031,2005-06-02,conditional_use,134 golden gate avenue,344,3
2004.1339C,17032,2005-06-09,conditional_use,1057 Mississippi Street,4224,11
2002.1263C,17044,2005-06-16,conditional_use,329-349 fremont street,3747,19
2003.1113CMK,17037,2005-06-16,conditional_use,Candlestick Cove,4991,241;279
2003.1113CMK,17038,2005-06-16,general_plan_amendment,,4991,241;279
2004.0282L,17039,2005-06-16,historic,1000 great highway,1700,1
2005.0175CV,17036,2005-06-16,conditional_use,146-148 21st avenue,1380,28
2005.0394T,17042,2005-06-16,planning_code_amendment,,,
2002.0805RTZ,17051,2005-06-23,planning_code_amendment,,341;342;350;351;355;3507;3508;3509;3510;3701;3702;3703;3704;3725;3727;3728,35;39;2;18;19;36;37;40;41;42;43;1;78;82;86;87;88;89;90;91;93;91;94;96;97;101;102;103;109;117;118;120;130;134;168;173;174;175;176;177;178;180;181;182;183;184;72;75;76;81;83;89;103
2003.0205C,17047,2005-06-23,conditional_use_modification,"638, 660, 662 campbell avenue",6189,61;62;63
2003.1210ECK,17049,2005-06-23,conditional_use,5600 third street,5421,3;5;6;7;8;9;11
2004.0599C,17046,2005-06-23,conditional_use,1022 gilman avenue,4937,16
2005.0414C,17045,2005-06-23,conditional_use,2001 polk street,574,6
2004.0130CV,17063,2005-07-14,conditional_use,1353-1355 bush street,669,13
2004.0220CEK,17061,2005-07-14,conditional_use,1840 washington street,599,8
2004.0274CV,17058,2005-07-14,conditional_use,310 townsend street,3786,13
2004.1118C,17056,2005-07-14,conditional_use,1075 Evans Avenue,4603A,5
2005.0171D,17057,2005-07-14,discretionary_review,130 townsend street,3788,8
2005.0463CV,17059,2005-07-14,conditional_use,399 buena vista avenue east,2607,99
2004.0533C,17068,2005-07-28,conditional_use,737 tehama street,3729,65
2005.0106BC,17070,2005-07-28,office_allocation,185 berry street,3803,5
2005.0106BCK,17069,2005-07-28,conditional_use,185 berry street,3803,5
2005.0579C,17067,2005-07-28,conditional_use,1119 Mission Street,3727,130
2005.0433C,17073,2005-08-04,conditional_use,1339 polk street,667,2
2005.0459T,17074,2005-08-04,planning_code_amendment,,,
2004.0297EKCVX,17083,2005-09-01,conditional_use,535 Mission Street,3721,68;83
2004.0297EKVCX,17082,2005-09-01,large_project_authorization,535 Mission Street,3721,68;83
2004.1106CV,17084,2005-09-01,conditional_use,1360-1364 Stevenson Street,3513,73
2004.1135C,17080,2005-09-01,conditional_use,100 phelan avenue,3180,2
2004.1266CDZ,17086,2005-09-01,conditional_use,301-323 14th avenue,1446,54
2004.0076C,17096,2005-09-08,conditional_use,1350 natoma street,3548,89
2004.0392ACE,17099,2005-09-08,conditional_use,851 Beach Street,452,1
2004.1257C,17097,2005-09-08,conditional_use,1026 Valencia Street,3617,4
2005.0094C,17098,2005-09-08,conditional_use,81-83 ervine street,6190,33
2005.0197C,17091,2005-09-08,conditional_use,2022-2024 hayes street,1194,9
2005.0485C,17093,2005-09-08,conditional_use,69 & 75 West Portal Avenue,2979A,19;23C
2005.0529C,17092,2005-09-08,conditional_use,230 west portal avenue,2988A,12
2005.0664ET,17103,2005-09-15,planning_code_amendment,,,
2002.0449CV,17122,2005-10-06,conditional_use,375 fremont street,3747,6
2003.0758C,17120,2005-10-06,conditional_use,1880-1886 mission street,3547,2A;3;4;29
2004.0647C,17116,2005-10-06,conditional_use,2235 mission street,3590,31
2005.0451C,17115,2005-10-06,conditional_use,2001 37th avenue,2094,6
2005.0698C,17117,2005-10-06,conditional_use,80 west portal avenue,2931,8
2005.0868ETM,17123,2005-10-06,planning_code_amendment,,,
2004.0895C,17125,2005-10-20,conditional_use,4 craut street,5868,6;7
2005.0301L,17128,2005-10-20,historic,2151 Van Ness Avenue,575,15
2004.0305C,17132,2005-10-27,conditional_use,1111 junipero serra boulevard,7080,24
2004.1164CKV,17135,2005-10-27,conditional_use,"810, 816 & 826 van ness avenue",739,6;7;8
2005.0627XV,17133,2005-10-27,downtown_project,410 jessie street,3704,2
2005.0851C,17131,2005-10-27,conditional_use_modification,535 mission street,3721,68;83
2004.0672ECV,17139,2005-11-03,conditional_use,2660 harrison street,3639,4A
2004.0858C,17140,2005-11-10,conditional_use,766 vallejo street,130,43
2004.1306ECV,17141,2005-11-10,conditional_use,1018-1020 pine street,253,6
2002.0805U,17144,2005-11-17,other,,,
2002.0805U,17144,2005-11-17,other,,,
2004.0980CV,17142,2005-11-17,conditional_use,642 harrison street,3750,8
2004.0980CV,17142,2005-11-17,conditional_use,642 harrison street,3750,8
2004.0984C,17146,2005-11-17,conditional_use,2690-2696 geary boulevard,1071,4
2004.0984C,17146,2005-11-17,conditional_use,2690-2696 geary boulevard,1071,4
2005.0796T,17143,2005-11-17,planning_code_amendment,,,
2005.0796T,17143,2005-11-17,planning_code_amendment,,,
2004.0546C,17153,2005-12-01,conditional_use,680 Illinois Street,3994,3;7
2004.0563EKC,17151,2005-12-01,conditional_use,990 Columbus Avenue,65,48
2005.0281C,17150,2005-12-01,conditional_use,415 Judah Street,1844,48
2005.0564C,17152,2005-12-01,conditional_use,2101 lombard street,510,1
2004.1069C,17155,2005-12-08,conditional_use,1815-1817 taraval street,2397,41
2005.0818XV,17156,2005-12-08,downtown_project,149 fell street,834,17
2005.0978C,17157,2005-12-08,conditional_use,1636-1656 Powell Street,117,16
2005.0935TZC,17161,2005-12-15,planning_code_amendment,4800 Third Street,5322,45
2005.0935TZC,17163,2005-12-15,conditional_use,4800 third street,5322,45
2004.0027ACEK,17168,2006-01-05,historic,900 Minnesota Street,4106,27
2004.0746C,17173,2006-01-19,conditional_use,876 6th Street,3704,25
2005.0771C,17176,2006-01-19,conditional_use,990 Columbus Avenue,65,48
2005.0779C,17174,2006-01-19,conditional_use,2871 24th Street,4268,31
2005.0795C,17178,2006-01-19,conditional_use,2015 greenwich street,517,1
2005.0879C,17175,2006-01-19,conditional_use,1155 Taraval Street,2404,35
2005.0565C,17179,2006-01-26,conditional_use,2110 clement street,1411,9
2005.1087ET,17183,2006-02-02,planning_code_amendment,,,
2005.0480CV,17186,2006-02-09,conditional_use,2814-2824 Jennings Street,4912,1
2005.0675C,17190,2006-02-23,conditional_use,2591-2593 san bruno avenue,5438,22
2004.0481X,17199,2006-03-02,large_project_authorization,45 lansing,3749,59
2005.1068CKV,17193,2006-03-02,large_project_authorization,1340-1390 mission street,3508,26;27;51
2005.1068CKVX,17194,2006-03-02,conditional_use,1340-1390 mission street,3508,26;27;51
2005.1127C,17195,2006-03-02,large_project_authorization,1340 mission street,3508,51
2006.0133EKC,17197,2006-03-02,conditional_use,1299 bush street,279,14
2005.0850C,17205,2006-03-09,conditional_use,2200 Ingalls Street,4831,8
2006.0147X,17204,2006-03-09,downtown_project,145 natoma street,3722,14
2005.0838C,17207,2006-03-16,conditional_use,1135 Evans Avenue,4602A,14
2005.1089C,17209,2006-03-16,conditional_use,4041 geary boulevard,1540,1A;3;50;51
2004.0852EMZCV,17214,2006-03-23,large_project_authorization,1 hawthorne place,3735,47
2004.0852EMZCV,17214,2006-03-23,other,1 hawthorne place,3735,47
2004.0852EMZXCV,17215,2006-03-23,conditional_use,1 hawthorne place,3735,47
2004.0852EMZXCV,17215,2006-03-23,conditional_use,1 hawthorne place,3735,47
2005.0804C,17221,2006-04-06,conditional_use,2155 Webster Street,629,16;17;18;34;37;38
2005.1056CV,17222,2006-04-06,conditional_use,590 castro street,2695,16
2006.0384B,17223,2006-04-06,large_project_authorization,409 & 499 Illinois Street,3940,1
2005.0946XV,17226,2006-04-13,downtown_project,153 kearny street,293,10;11;12;13
2006.0332C,17225,2006-04-13,conditional_use,2406 bryant street,4150,39
2005.0894C,17230,2006-04-20,coastal,100 armory drive,7281,5
2005.0894CPR,17229,2006-04-20,conditional_use,100 armory drive,7281,5
2005.0894CPR,17231,2006-04-20,general_plan_amendment,100 armory drive,7281,5
2006.0187C,17228,2006-04-20,conditional_use,2209 polk street,550,8
2006.0290XV,17233,2006-04-20,downtown_project,715-719 and 721 market street,3706,63;64
2004.0897CVZ,17236,2006-04-27,conditional_use,1315-1327 7th avenue,1762,4;5;6
2005.0475EK,17234,2006-04-27,downtown_project,40 jessie street,3708,23
2005.1203CV,17235,2006-04-27,conditional_use,427-472 diamond street,2768,13
2004.0892EKC,17245,2006-05-11,conditional_use,1844 market street,871,16
2006.0143C,17243,2006-05-11,conditional_use,3692 18th street,3578,27
2006.0450T,17246,2006-05-11,planning_code_amendment,,,
2005.0857CD,17247,2006-05-25,conditional_use,324 cortland avenue,5677,22
2005.1084CV,17250,2006-05-25,conditional_use,1811 34th avenue,2071,1
2006.0373T,17248,2006-05-25,planning_code_amendment,,,
2004.0973C,17252,2006-06-01,conditional_use_modification,7070 california street,1392,37
2005.0816IC,17257,2006-06-08,conditional_use,55 stockton street,327,1
2006.0109Z,17259,2006-06-08,rezoning_map_amendment,3184 market street,2659,59
2006.0506C,17263,2006-06-08,conditional_use,1320 Castro Street,6506,3
2006.0544ET,17261,2006-06-08,planning_code_amendment,,,
2005.1129C,17265,2006-06-15,conditional_use,1161 Post Street,694,12
2005.0582C,17273,2006-06-22,conditional_use,655 brotherhood way,7380,37;38
2004.0165EMZH,17282,2006-07-13,other,1 kearny street/710 market street,312,3;10
2004.0165EMZHX,17278,2006-07-13,ceqa_environmental,1 kearny street/710 market street,312,3;10
2006.0468C,17276,2006-07-13,conditional_use,1201 ortega street,2115,2;3;4;35;36;37
2006.0618C,17275,2006-07-13,conditional_use,156 broad street,7107,19
2005.0617CEKV,17286,2006-07-27,conditional_use,130 turk street,339,6
2002.1179EKMZT,17296,2006-08-03,downtown_project,1167 market street,3507,39;51;52;53
2002.1179EKMZTXC,17298,2006-08-03,other,1167 market street,3507,39;51;52;53
2002.1179EKMZTXCW,17297,2006-08-03,conditional_use,1167 market street,3507,39;51;52;53
2006.0745C,17288,2006-08-03,conditional_use,501 fell street,830,1
2005.0659C,17305,2006-08-10,conditional_use,85 saint elmo way,3049,32
2005.0737C,17306,2006-08-10,conditional_use,2601 Mission Street,3637,69
2006.0745C,17304,2006-08-10,conditional_use,2420 sutter street,1052,23
2006.0204CV,17311,2006-09-28,conditional_use,189-191 leland avenue,6251,17
2006.0546C,17310,2006-09-28,conditional_use,77 van ness avenue,834,22
2006.0859C,17319,2006-10-05,conditional_use,372-398 hayes street,809,21
2006.0356CR,17235,2006-10-19,general_plan_amendment,766-776 vallejo street,130,43
2006.0356CR,17236,2006-10-19,conditional_use,766-776 Vallejo Street,130,43
2006.0571L,17327,2006-10-19,historic,3750 18th Street,,
2006.0797C,17330,2006-11-02,conditional_use,510 Frederick Street,1263,65
2006.1040C,17331,2006-11-02,conditional_use,2110 clement street,1411,9
2006.1212B,17333,2006-11-02,office_allocation,1500 owens street,8709,6
2006.1216B,17332,2006-11-02,office_allocation,1600 owens street,8709,10
2006.1221E,17335,2006-11-02,ceqa_environmental,,,
2005.0817CD,17339,2006-11-09,conditional_use,473 haight street,859,38
2006.0073CD,17341,2006-11-30,conditional_use,1042 jamestown avenue,4969,15
2005.0776C,17350,2006-12-14,conditional_use,83-85 brady street,3505,22
2005.0739CP,17352,2007-01-11,conditional_use,720 La Playa,42,1596
2006.0134EVX,17354,2007-01-11,large_project_authorization,16 jessie street/1 ecker street,3708,22
2006.1400ET,17356,2007-01-11,planning_code_amendment,,,
2005.0488CEV,17361,2007-01-18,conditional_use,25 lusk street,3787,22
2005.0488CEV,17361,2007-01-18,conditional_use,25 lusk street,3787,22
2005.1398T,17362,2007-01-18,planning_code_amendment,,,
2006.0451ACV,17360,2007-01-18,conditional_use,250 brannan street,3774,25
2006.0451ACV,17360,2007-01-18,conditional_use,250 brannan street,3774,25
2006.0676C,17359,2007-01-18,conditional_use,2198 Market Street,3542,39
2006.0676C,17359,2007-01-18,conditional_use,2198 market street,3542,39
2004.0339C,17364,2007-01-25,conditional_use,1800 van ness avenue,619,9;10
2006.0798C,17368,2007-02-01,conditional_use,1723 union street,544,1B
2006.1008C,17370,2007-02-08,conditional_use,1515 19th avenue,1865,4
2006.1218C,17374,2007-02-08,conditional_use,690 stanyan street,1228,6
2006.1408C,17376,2007-02-15,conditional_use,2308 clement street,1409,19
2006.1203C,17381,2007-02-22,conditional_use,219 7th street,3731,41
2006.1464CX,17378,2007-02-22,other,46-54 Geary Street,310,24
2006.1464CX,17377,2007-02-22,conditional_use,46-54 geary street,310,24
2006.1487C,17384,2007-02-22,conditional_use,100 Clement Street,1431,18
2006.1510T,17379,2007-02-22,planning_code_amendment,,,
2006.1511C,17382,2007-02-22,conditional_use,2788 mission street,3643,10
2004.1031C,17386,2007-03-01,conditional_use,601 crescent way,4991,240
2006.1472CK,17390,2007-03-08,conditional_use,860 folsom street,,
2005.0859C,17395,2007-03-15,conditional_use,1606 noriega street,2026,22
2007.0050C,17394,2007-03-15,conditional_use,3560 18th street,3577,16
2006.0473CE,17402,2007-03-22,conditional_use,2125 chestnut street,490,28
2006.1131C,17399,2007-03-22,conditional_use,285 broad street,7114,35
2006.1219CV,17398,2007-03-22,conditional_use,610 fillmore street,821,18
2006.1509B,17401,2007-03-22,office_allocation,1455 third street and 455 mission bay blvd. south,8721,12
2006.1515C,17404,2007-03-22,conditional_use,1900 fillmore street,660,19
2006.1536B,17400,2007-03-22,office_allocation,1515 third street,8721,12
2003.0347E,17406,2007-04-05,ceqa_environmental,,,
2006.0584KCV,17414,2007-04-05,downtown_project,1407-1435 market street and 16-70 tenth street,3507,41
2006.0584KCV,17415,2007-04-05,conditional_use,1407-1435 market street and 16-70 tenth street,3507,41
2006.1275TZ,17413,2007-04-05,rezoning_map_amendment,,,
2007.0204C,17416,2007-04-12,conditional_use,1145 polk street,691,1
2005.0030C,17418,2007-04-19,conditional_use,3400 cesar chavez street,6569,4
2006.1095C,17422,2007-04-26,conditional_use,2035 Irving Street,1776,11B
2006.1502C,17424,2007-04-26,conditional_use,1710-1712 polk street,620,15
2007.0126C,17423,2007-04-26,conditional_use,2071 union street,541,16
2007.0198C,17421,2007-04-26,conditional_use,3739 26th street,6567,31
2006.0766EX,17426,2007-05-10,large_project_authorization,345 stockton street,295,16
2007.0214C,17429,2007-05-17,conditional_use,1377 fell street,1214,7;8;9;9A;17
2006.0734C,17434,2007-05-31,conditional_use,3192 16th Street,,
2004.0890CV,17439,2007-06-07,conditional_use,1868 van ness avenue,619,12
2005.1062BV,17440,2007-06-07,office_allocation,650 townsend street,3783,9
2006.0741C,17438,2007-06-07,conditional_use,1868 van ness avenue,619,12
2006.1414C,17437,2007-06-07,conditional_use,1868 van ness avenue,619,12
2007.0252C,17435,2007-06-07,conditional_use,2404 & 2406 bryant street,4150,39
2006.1080C,17449,2007-06-14,conditional_use,1029 natoma street,3511,55
2007.0286C,17448,2007-06-14,conditional_use,4041 geary boulevard,1540,50
2007.0337C,17447,2007-06-14,conditional_use,405 baker street,1199,7
2006.0856CV,17450,2007-06-21,conditional_use_modification,461 Baker Street and 1500 Grove Street,1199;1184,1;9
2006.1303C,17451,2007-06-21,conditional_use,77 oakwood street,3587,59
2007.0431C,17452,2007-06-21,conditional_use,"301 DeMontfort Avenue, and 251 Jules Avenue",6940;6933,1;12
2007.0338C,17454,2007-06-28,conditional_use,2263 chestnut street,489,32
2007.0344C,17458,2007-07-12,conditional_use,2410-2412 mission street,3609,2
2006.0572C,17462,2007-07-19,conditional_use,842 moultrie street,5810,9
2006.1356C,17461,2007-07-19,conditional_use,19 Wilmot Street,660,61
2007.0219C,17463,2007-07-19,conditional_use,536 central avenue,1198,24
2007.0469C,17464,2007-07-19,conditional_use_modification,1049-1053 howard street,3731,74
2006.0616BEK,17466,2007-07-26,office_allocation,120 howard street,3717,19
2006.0616BEK,17465,2007-07-26,large_project_authorization,120 howard street,3717,19
2007.0509T,17467,2007-07-26,planning_code_amendment,,,
2006.0157C,17472,2007-08-02,conditional_use,21 wood street,1069,4
2006.1273EKB,17469,2007-08-02,downtown_project,535 Mission Street,3721,68;83
2006.1273EKBX,17470,2007-08-02,large_project_authorization,535 Mission Street,3721,68;83
2007.0246C,17471,2007-08-02,conditional_use,1326 polk street,668,5
2006.0892CV,17477,2007-08-09,conditional_use,2145 geneva avenue,6323,8H
2007.0388CV,17475,2007-08-09,conditional_use,2574 san bruno avenue,5981,11
2007.0444C,17473,2007-08-09,conditional_use,1033-1037 irving street,1766,46
2007.0507C,17476,2007-08-09,conditional_use,2810 diamond street,6744,26
2007.0534C,17480,2007-08-30,conditional_use,1641 fillmore street,702,2
2006.0107C,17487,2007-09-20,conditional_use,300-314 randolph street,7088,51;56
2007.0685C,17483,2007-09-20,conditional_use,3251 20th Avenue,7295,21
2006.1454C,17502,2007-10-18,conditional_use,440 35th Avenue,1466,34
2007.0242CV,17503,2007-10-25,conditional_use,875 post street,303,14
2007.1106A,17507,2007-10-25,historic,236 monterey boulevard,6770,57
2006.0056C,17510,2007-11-08,conditional_use,317 and 331-333 cortland avenue,5667,15;14
2007.0952C,17511,2007-11-08,conditional_use,4841 mission street,6272,20
2006.0997C,17515,2007-12-06,conditional_use,1864 8th Avenue,2044,3A
2007.1241C,17517,2007-12-06,conditional_use,2112 15th Street,3541,10
2006.1248KCV,17521,2007-12-13,downtown_project,55 ninth street,3701,63
2006.1248KXC,17522,2007-12-13,conditional_use,55 Ninth Street,3701,63
2007.0929C,17519,2007-12-13,conditional_use,855 harrison street,3761,2
2007.0922C,17523,2007-12-20,conditional_use,1926 Lombard Street,493,6
2007.0971C,17524,2007-12-20,conditional_use,3571 sacramento street,1019,23
2007.1444ET,17545,2008-01-31,planning_code_amendment,,,
2006.0799CEKV,17566,2008-03-13,rezoning_map_amendment,261 octavia street,839,29
2006.0799CEKVZ,17567,2008-03-13,conditional_use,261 octavia street,839,29
2007.1467DD,1,2008-05-22,discretionary_review,1671 11th avenue,1932,12
2008.0220D,3,2008-05-22,discretionary_review,586 valley street,6611,23
2008.0308C,17600,2008-05-29,conditional_use,755 Portola Drive,2901C,10
2004.1245EKVX,17615,2008-06-12,large_project_authorization,300 grant avenue,287,13;14
2008.0132C,17648,2008-07-17,conditional_use,542 Green Street,,
2002.1302EX,17680,2008-08-14,large_project_authorization,2235 3rd street,4058,10
2006.1213C,17684,2008-08-14,conditional_use,5050 mission street,6969,1;11
2007.1422DDDV,12,2008-08-14,discretionary_review,126 guerrero street,3534,5
2008.0628C,17681,2008-08-14,conditional_use,2936 lyon street,940,17
2005.0470ACV,17688,2008-09-04,conditional_use,178 townsend street,3788,12
2007.0189D,14,2008-09-04,discretionary_review,337 lisbon street,6080,38
2007.1334A,17687,2008-09-04,historic,1189 tennessee street,4172,53
2008.0537D,15,2008-09-04,discretionary_review,2342 41st avenue,2369,22A
2008.0634C,17685,2008-09-04,conditional_use,2168 market street,3542,17
2008.0805D,16,2008-09-04,discretionary_review,313 28th street,6613,47
2008.0861C,17687,2008-09-04,conditional_use,1641-1669 Fillmore Street,702,1;2
2008.0478D,20,2008-09-11,discretionary_review,526 ellington,7100,3
2008.0724D,19,2008-09-11,discretionary_review,2522 40th avenue,2440,49
2008.0911T,17693,2008-09-11,planning_code_amendment,,,
2007.1426C,17699,2008-09-18,conditional_use,1800 haight street,1228,4
2008.0781T,17698,2008-09-18,planning_code_amendment,,,
2007.1014ACV,17705,2008-10-02,conditional_use,1011 tennessee street,4108,3G
2007.1014ACV,17704,2008-10-02,historic,1011 tennessee street,4108,3G
2008.0483B,17711,2008-10-02,office_allocation,650 terry francois boulevard,8722,1
2008.0926T,17708,2008-10-02,planning_code_amendment,,,
2007.0491C,17716,2008-10-16,conditional_use,1829 market street,3502,114
2007.1397C,17718,2008-10-16,conditional_use,1266 9th avenue,1742,43
2005.1018EKV,17730,2008-10-23,downtown_project,570 jessie street,3703,86
2006.0460EC,17733,2008-10-23,conditional_use,690 stanyan street,1228,5;6
2007.0206D,29,2008-10-23,discretionary_review,1 avanzada street,2724,3
2008.0426C,17723,2008-10-23,conditional_use,3166-3170 23rd street,3638,22
2008.0686C,17721,2008-10-23,conditional_use,3931-3933 24th street,6508,35
2008.1033C,17722,2008-10-23,conditional_use,59 30th Street,6660,44
2008.1057T,17726,2008-10-23,planning_code_amendment,,,
2008.1096T,17733,2008-10-23,planning_code_amendment,,,
2006.0432CV,17739,2008-11-06,conditional_use,299 valencia street,3532,14
2008.0501DDD,33,2008-11-06,discretionary_review,79 26th avenue,1305,8
2008.1103T,17735,2008-11-06,planning_code_amendment,,,
2007.1383EK,17746,2008-11-13,downtown_project,474 natoma street,3725,101
2007.1383EKXCV,17747,2008-11-13,conditional_use,474 natoma street,3725,101
2008.0853C,17744,2008-11-13,conditional_use,1119 taraval street,2404,1
2008.0881D,35,2008-11-13,discretionary_review,1864 green street,543,15
2008.1083X,17745,2008-11-13,downtown_project,340 fremont street,3748,6
2008.1259CTZ,17750,2008-11-13,other,4-8 guy place,3749,5
2007.0487EC,17764,2008-11-20,conditional_use,401 grove street,808,36
2007.0603CU,17765,2008-11-20,conditional_use,1001 potrero avenue,4154,1
2008.0644D,40,2008-11-20,discretionary_review,2425 wawona street,2504A,33
2008.1106D,44,2008-11-20,discretionary_review,2626 filbert street,943,3B
2007.0684DV,48,2008-12-04,discretionary_review,260 ripley street,5550,53
2008.1195C,17770,2008-12-04,conditional_use,38 bryant street,3768,23
2007.1337XH,17781,2008-12-11,historic,134-140 new montgomery street,3722,8
2007.1337XH,17780,2008-12-11,downtown_project,134-140 new montgomery street,3722,8
2007.1117CV,17797,2009-01-08,conditional_use,1731 powell street,101,4
2008.0658C,17798,2009-01-08,conditional_use,1349 clay street,220,33
2006.1294BKMX,17808,2009-01-15,rezoning_map_amendment,110 The Embarcadero,3715,2
2006.1294BKMXZ,17807,2009-01-15,downtown_project,110 The Embarcadero,3715,2
2006.1294BKMXZ,17805,2009-01-15,other,110 the embarcadero,3715,2
2006.1294BKMXZ,17806,2009-01-15,general_plan_amendment,110 The Embarcadero,3715,2
2006.1294BKMXZ,17804,2009-01-15,office_allocation,110 the embarcadero,3715,2
2008.0005C,17800,2009-01-15,conditional_use,439 bowdoin street,5918,26
2006.0826CV,17813,2009-02-05,conditional_use,1946 polk street,596,24
2008.1287D,65,2009-02-19,discretionary_review,1381 sanchez street,6579,25
2008.0862C,17840,2009-03-12,conditional_use,1622-1662 broadway,570,10;11
2009.0021DD,68,2009-03-12,discretionary_review,4024 26th street,6553,6
2008.1296P,17841,2009-03-19,coastal,john muir drive,7283,4
2007.1342CKE,17850,2009-03-26,other,168-186 eddy street,331,10;11
2007.1342CKE,17848,2009-03-26,conditional_use,168-186 eddy street,331,10;11
2008.1309D,72,2009-03-26,discretionary_review,2829 green street,956,21
2009.0109W,17851,2009-03-26,other,1167 market street,3507,39;51;52;53
2008.0733C,17856,2009-04-02,conditional_use,1166 geneva avenue,6413,31
2009.0041C,17852,2009-04-02,conditional_use,1351 taraval street,2402,26
2009.0061C,17854,2009-04-02,conditional_use,1511 sloat boulevard,7255,2
2008.1393T,17861,2009-04-09,planning_code_amendment,,,
2009.0117C,17860,2009-04-09,conditional_use,3154 fillmore street,516,22;23
2008.1401CV,17871,2009-05-07,conditional_use,995-999 sutter street,300,12
2007.0128CV,17880,2009-05-14,conditional_use_modification,2901 california street,1029,95;3
2007.1121XV,17878,2009-05-14,downtown_project,430 Main Street,3767,305;306
2007.1464EKCV,17875,2009-05-14,downtown_project,1036 mission street,3703,79;80
2007.1464EKCV,17876,2009-05-14,conditional_use,1036 mission street,3703,79;80
2008.1161C,17874,2009-05-14,conditional_use,99 West Portal Avenue,2979A,21A
2006.0884CEU,17885,2009-05-21,conditional_use,1150 ocean avenue,3180,3
2006.0884CEU,17885,2009-05-21,ceqa_environmental,1150 ocean avenue,3180,3
2008.0479C,17881,2009-05-21,conditional_use,1075 evans street,4603A,5
2005.0979XE,17893,2009-05-28,downtown_project,1390 market street,813,6
2009.0126C,17890,2009-05-28,conditional_use,2760 24th street,4210,16
2006.1431ECV,17894,2009-06-04,conditional_use,1960-1998 market street,872,5;6;7
2007.0129DDD,87,2009-06-04,discretionary_review,100 32nd avenue,1312,8
2008.0135U,17895,2009-06-04,planning_code_amendment,,,
2009.0068C,17896,2009-06-04,conditional_use,626-628 clement street,1426,22
2009.0273C,17897,2009-06-04,conditional_use,9 west portal avenue,2979A,29
2009.0150D,90,2009-06-11,discretionary_review,1101 green street,125,64;65
2009.0191X,17902,2009-06-11,downtown_project,45 lansing street,3749,59
2009.0237X,17901,2009-06-11,downtown_project,399 fremont street,3747,2
2009.0319X,17900,2009-06-11,downtown_project,340 fremont street,3748,6;7;8;9
2006.0430CVK,17906,2009-06-18,conditional_use,870 harrison street,3752,19
2009.0326C,17904,2009-06-18,conditional_use,999 brotherhood way,7380,16
2009.0337D,92,2009-06-18,discretionary_review,574 natoma street,3726,75
2005.1106C,17922,2009-07-16,conditional_use,2655 bush street,1052,24
2009.0405C,17928,2009-07-23,conditional_use,3034 24th street,3640,71
2009.0422XV,17923,2009-07-23,downtown_project,149 fell street,834,17
2009.0489C,17925,2009-07-23,conditional_use,1052-1058 folsom street,3731,21
2009.0396C,17929,2009-08-06,conditional_use,77 farallones street,7108,33
2007.0953C,17939,2009-08-13,conditional_use,1684-1698 market street,854,6
2009.0340C,17942,2009-09-03,conditional_use,1915 irving street,1775,52
2009.0476CV,17944,2009-09-03,conditional_use,178 townsend street,3788,12
2007.0007AEK,17949,2009-09-10,large_project_authorization,750 2nd street,3794,2A
2009.0327D,101,2009-09-10,discretionary_review,905-907 diamond street,6539,26
2009.0408C,17947,2009-09-10,conditional_use,2550 sloat boulevard,2512,5
2006.0825CVS,17951,2009-09-17,conditional_use,782-786 andover street,5825,7;8;9
2008.1155D&2008.1156D,107,2009-09-24,discretionary_review,673-675 44th avenue,1587,12
2009.0530C,17954,2009-09-24,conditional_use,2884 24th street,4208,22
2009.0629C,17953,2009-09-24,conditional_use,723 taraval street,2408,52
2009.0631D,111,2009-10-01,discretionary_review,3255 balboa street,1611,1A
2009.0750D,110,2009-10-01,discretionary_review,70 linda street,3588,49K
2009.0358C,17958,2009-10-08,conditional_use,854 folsom street,3733,20A
2009.0639C,17959,2009-10-08,conditional_use,1969 california street,649,16
2009.0747C,17960,2009-10-08,conditional_use,2233 Union Street,539,32
2008.0505DDDV,113,2009-10-15,discretionary_review,1321 deharo street,4218,36
2008.1157C,17964,2009-10-15,conditional_use,10 bernal heights boulevard,5548,3
2009.0804C,17963,2009-10-15,conditional_use,3505 B 17th Street,3578,1
2005.1076C,17968,2009-10-22,conditional_use,3135 24th street,6520,36
2008.1106D,114,2009-10-22,discretionary_review,2626 filbert street,943,3B
2009.0696C,17965,2009-10-22,conditional_use,"3690, 3692 18th Street",3578,27
2009.0856D,117,2009-10-22,discretionary_review,317 connecticut street,4036,27
2009.0262T,17974,2009-11-05,planning_code_amendment,,,
2009.0847B,17973,2009-11-05,office_allocation,660-680 alabama street,4020,2
2008.0185C,17993,2009-12-03,conditional_use,1102 taraval street,2350,17
2009.0650C,17991,2009-12-03,conditional_use,3936-3938 24th street,3654,44;45
2006.0431CEV,17997,2009-12-10,conditional_use,1080 sutter street,279,11
2009.0667D,128,2009-12-10,discretionary_review,1826 32nd avenue,2068,43
2009.0841T,18001,2009-12-17,planning_code_amendment,,,
2009.1006C,18002,2009-12-17,conditional_use,1626 taraval street,2355,10
2009.1024C,18005,2009-12-17,conditional_use,565 castro street,3583,62
