item_id,year,case_number,status,top_severity,checks,source_file,detail
76,1998,97.226D,prelabeled,high,action_other,tagged/1998/JANUARY_22_1998.txt,action_other:action='other'; source ACTION→'continued'
88,1998,97.686C,prelabeled,high,"absent_missing,action_other",tagged/1998/JANUARY_8_1998.txt,action_other:action='other'; source ACTION→'continued'; absent_missing:block has an ABSENT: line
105,1998,98.321C,prelabeled,high,"action_other,noes_missing",tagged/1998/July_9_1998.txt,action_other:action='other'; source ACTION→'approved_with_conditions'; noes_missing:block has a NOES: line
106,1998,98.226D,prelabeled,high,action_other,tagged/1998/June_4_1998.txt,action_other:action='other'; source ACTION→'continued'
107,1998,98.251C,prelabeled,high,action_other,tagged/1998/June_4_1998.txt,action_other:action='other'; source ACTION→'continued'
108,1998,97.686C,prelabeled,high,action_other,tagged/1998/June_4_1998.txt,action_other:action='other'; source ACTION→'continued'
116,1998,97.470E,prelabeled,high,action_other,tagged/1998/June_4_1998.txt,action_other:action='other'; source ACTION→'other'
117,1998,98.136C,prelabeled,high,action_other,tagged/1998/June_4_1998.txt,action_other:action='other'; source ACTION→'approved_with_conditions'
118,1998,98.197C,prelabeled,high,action_other,tagged/1998/June_4_1998.txt,action_other:action='other'; source ACTION→'approved_with_conditions'
119,1998,98.186C,prelabeled,high,action_other,tagged/1998/June_4_1998.txt,action_other:action='other'; source ACTION→'approved_with_conditions'
120,1998,98.127C,prelabeled,high,"action_other,district_missing",tagged/1998/June_4_1998.txt,action_other:action='other'; source ACTION→'approved_as_modified'; district_missing:block states district 'NC-2'
121,1998,98.285C,prelabeled,high,action_other,tagged/1998/June_4_1998.txt,action_other:action='other'; source ACTION→'approved_with_conditions'
122,1998,98.307D,prelabeled,high,action_other,tagged/1998/June_4_1998.txt,action_other:action='other'; source ACTION→'continued'
123,1998,98.246D,prelabeled,high,action_other,tagged/1998/June_4_1998.txt,action_other:action='other'; source ACTION→'?'
124,1998,98.254D,prelabeled,high,"absent_missing,action_other",tagged/1998/June_4_1998.txt,action_other:action='other'; source ACTION→'continued'; absent_missing:block has an ABSENT: line
125,1998,98.274C,prelabeled,high,action_other,tagged/1998/June_4_1998.txt,action_other:action='other'; source ACTION→'continued'
126,1998,98.222D,prelabeled,high,action_other,tagged/1998/June_4_1998.txt,action_other:action='other'; source ACTION→'continued'
127,1998,98.377D,prelabeled,high,action_other,tagged/1998/June_4_1998.txt,action_other:action='other'; source ACTION→'continued'
128,1998,98.290D/DD,prelabeled,high,action_other,tagged/1998/June_4_1998.txt,action_other:action='other'; source ACTION→'?'
129,1998,98.229D,prelabeled,high,action_other,tagged/1998/June_4_1998.txt,action_other:action='other'; source ACTION→'other'
133,1998,98.227ETZ,prelabeled,high,action_other,tagged/1998/June_4_1998.txt,action_other:action='other'; source ACTION→'approved'
136,1998,98.251C,prelabeled,high,"absent_missing,action_other",tagged/1998/June_4_1998.txt,action_other:action='other'; source ACTION→'approved_with_conditions'; absent_missing:block has an ABSENT: line
137,1998,98.506D/DD,prelabeled,high,"absent_missing,action_other,ayes_missing,vote_missing",tagged/1998/June_4_1998.txt,action_other:action='other'; source ACTION→'continued'; ayes_missing:block has an AYES: line; absent_missing:block has an ABSENT: line; vote_missing:no vote/ayes but block has AYES:
138,1998,98.311D,prelabeled,high,action_other,tagged/1998/June_4_1998.txt,action_other:action='other'; source ACTION→'approved'
139,1998,97.367D,prelabeled,high,action_other,tagged/1998/June_4_1998.txt,action_other:action='other'; source ACTION→'approved'
140,1998,98.313D,prelabeled,high,action_other,tagged/1998/June_4_1998.txt,action_other:action='other'; source ACTION→'approved'
141,1998,98.410D/DD,prelabeled,high,action_other,tagged/1998/June_4_1998.txt,action_other:action='other'; source ACTION→'approved'
142,1998,98.287C,prelabeled,high,action_other,tagged/1998/June_4_1998.txt,action_other:action='other'; source ACTION→'approved'
153,1998,98.274C,prelabeled,high,action_other,tagged/1998/June_4_1998.txt,action_other:action='other'; source ACTION→'disapproved'
154,1998,98.105C,prelabeled,high,action_other,tagged/1998/June_4_1998.txt,action_other:action='other'; source ACTION→'approved'
157,1998,98.307D,prelabeled,high,"absent_missing,action_other",tagged/1998/June_4_1998.txt,action_other:action='other'; source ACTION→'continued'; absent_missing:block has an ABSENT: line
158,1998,98.222D,prelabeled,high,action_other,tagged/1998/June_4_1998.txt,action_other:action='other'; source ACTION→'continued'
159,1998,98.334D,prelabeled,high,action_other,tagged/1998/June_4_1998.txt,action_other:action='other'; source ACTION→'other'
162,1998,98.252C,prelabeled,high,action_other,tagged/1998/June_4_1998.txt,action_other:action='other'; source ACTION→'continued'
163,1998,97.226D,prelabeled,high,action_other,tagged/1998/June_4_1998.txt,action_other:action='other'; source ACTION→'continued'
164,1998,98.321C,prelabeled,high,action_other,tagged/1998/June_4_1998.txt,action_other:action='other'; source ACTION→'continued'
169,1998,97.678E,prelabeled,high,action_other,tagged/1998/June_4_1998.txt,action_other:action='other'; source ACTION→'?'
172,1998,98.335C,prelabeled,high,action_other,tagged/1998/June_4_1998.txt,action_other:action='other'; source ACTION→'approved_with_conditions'
173,1998,98.317C,prelabeled,high,"action_other,district_missing",tagged/1998/June_4_1998.txt,action_other:action='other'; source ACTION→'approved_as_modified'; district_missing:block states district 'NC-3'
174,1998,98.237C,prelabeled,high,action_other,tagged/1998/June_4_1998.txt,action_other:action='other'; source ACTION→'approved_as_modified'
176,1998,98.080C,prelabeled,high,action_other,tagged/1998/June_4_1998.txt,action_other:action='other'; source ACTION→'approved_with_conditions'
177,1998,98.296C,prelabeled,high,action_other,tagged/1998/June_4_1998.txt,action_other:action='other'; source ACTION→'approved_as_modified'
179,1998,98.313D,prelabeled,high,action_other,tagged/1998/June_4_1998.txt,action_other:action='other'; source ACTION→'approved'
180,1998,98.226D,prelabeled,high,"absent_missing,action_other",tagged/1998/June_4_1998.txt,action_other:action='other'; source ACTION→'approved'; absent_missing:block has an ABSENT: line
181,1998,98.307D,prelabeled,high,"absent_missing,action_other",tagged/1998/June_4_1998.txt,action_other:action='other'; source ACTION→'continued'; absent_missing:block has an ABSENT: line
182,1998,98.222D,prelabeled,high,action_other,tagged/1998/June_4_1998.txt,action_other:action='other'; source ACTION→'approved'
183,1998,98.506D/DD,prelabeled,high,action_other,tagged/1998/June_4_1998.txt,action_other:action='other'; source ACTION→'?'
184,1998,98.377D,prelabeled,high,action_other,tagged/1998/June_4_1998.txt,action_other:action='other'; source ACTION→'approved'
258,1998,97.686C,prelabeled,high,action_other,tagged/1998/MARCH_5_1998.txt,action_other:action='other'; source ACTION→'continued'
335,1999,98.153D,prelabeled,high,action_other,tagged/1999/April_1_1999.txt,action_other:action='other'; source ACTION→'approved_with_conditions'
428,1999,98.266E,prelabeled,high,action_other,tagged/1999/January_7_1999.txt,action_other:action='other'; source ACTION→'continued'
433,1999,98.455E,prelabeled,high,action_other,tagged/1999/January_7_1999.txt,action_other:action='other'; source ACTION→'continued'
456,1999,98.455E,prelabeled,high,action_other,tagged/1999/May_6_1999.txt,action_other:action='other'; source ACTION→'continued'
511,1999,98.455E,prelabeled,high,action_other,tagged/1999/May_6_1999.txt,action_other:action='other'; source ACTION→'continued'
682,2000,2000.271E,prelabeled,high,action_other,"tagged/2000/August_3
_____2000.txt",action_other:action='other'; source ACTION→'other'
687,2000,1999.817C,prelabeled,high,action_other,"tagged/2000/August_3
_____2000.txt",action_other:action='other'; source ACTION→'other'
728,2000,1999.455E,prelabeled,high,action_other,"tagged/2000/August_3
_____2000.txt",action_other:action='other'; source ACTION→'other'
825,2000,2000.288E,prelabeled,high,action_other,tagged/2000/July_6_2000.txt,action_other:action='other'; source ACTION→'withdrawn'
826,2000,1999.790C,prelabeled,high,action_other,tagged/2000/July_6_2000.txt,action_other:action='other'; source ACTION→'other'
827,2000,1999.668B,prelabeled,high,action_other,tagged/2000/July_6_2000.txt,action_other:action='other'; source ACTION→'other'
829,2000,1999.817C,prelabeled,high,action_other,tagged/2000/July_6_2000.txt,action_other:action='other'; source ACTION→'other'
830,2000,2000.271E,prelabeled,high,action_other,tagged/2000/July_6_2000.txt,action_other:action='other'; source ACTION→'other'
831,2000,2000.078G,prelabeled,high,action_other,tagged/2000/July_6_2000.txt,action_other:action='other'; source ACTION→'other'
832,2000,2000.353DD,prelabeled,high,action_other,tagged/2000/July_6_2000.txt,action_other:action='other'; source ACTION→'other'
833,2000,2000.378T,prelabeled,high,action_other,tagged/2000/July_6_2000.txt,action_other:action='other'; source ACTION→'other'
835,2000,2000.380T,prelabeled,high,action_other,tagged/2000/July_6_2000.txt,action_other:action='other'; source ACTION→'other'
863,2000,1999.790C,prelabeled,high,action_other,tagged/2000/July_6_2000.txt,action_other:action='other'; source ACTION→'other'
874,2000,2000.078G,prelabeled,high,action_other,tagged/2000/July_6_2000.txt,action_other:action='other'; source ACTION→'other'
875,2000,1999.790C,prelabeled,high,action_other,tagged/2000/July_6_2000.txt,action_other:action='other'; source ACTION→'other'
886,2000,1999.668B,prelabeled,high,action_other,tagged/2000/July_6_2000.txt,action_other:action='other'; source ACTION→'other'
897,2000,2000.078G,prelabeled,high,"action_other,district_missing",tagged/2000/June_1_2000.txt,action_other:action='other'; source ACTION→'continued'; district_missing:block states district 'RH-1'
900,2000,2000.288E,prelabeled,high,"absent_missing,action_other,ayes_missing,vote_missing",tagged/2000/June_1_2000.txt,action_other:action='other'; source ACTION→'continued'; ayes_missing:block has an AYES: line; absent_missing:block has an ABSENT: line; vote_missing:no vote/ayes but block has AYES:
906,2000,2000.380T,prelabeled,high,action_other,tagged/2000/June_1_2000.txt,action_other:action='other'; source ACTION→'other'
929,2000,2000.353DD,prelabeled,high,action_other,tagged/2000/June_1_2000.txt,action_other:action='other'; source ACTION→'other'
934,2000,2000.288E,prelabeled,high,"absent_missing,action_other,ayes_missing,vote_missing",tagged/2000/June_1_2000.txt,action_other:action='other'; source ACTION→'other'; ayes_missing:block has an AYES: line; absent_missing:block has an ABSENT: line; vote_missing:no vote/ayes but block has AYES:
935,2000,1999.668B,prelabeled,high,action_other,tagged/2000/June_1_2000.txt,action_other:action='other'; source ACTION→'other'
940,2000,2000.353DD,prelabeled,high,action_other,tagged/2000/June_1_2000.txt,action_other:action='other'; source ACTION→'other'
1277,2001,2001.0522C,prelabeled,high,action_other,tagged/2001/August_09_2001.txt,action_other:action='other'; source ACTION→'continued'
1287,2001,2000.1141C,prelabeled,high,action_other,tagged/2001/August_09_2001.txt,action_other:action='other'; source ACTION→'continued'
1296,2001,2001.0502C,prelabeled,high,"absent_missing,action_other,ayes_missing,district_missing,vote_missing",tagged/2001/August_16_2001.txt,action_other:action='other'; source ACTION→'continued'; ayes_missing:block has an AYES: line; absent_missing:block has an ABSENT: line; vote_missing:no vote/ayes but block has AYES:; district_missing:block states district 'NC-3'
1338,2001,2001.0062E,prelabeled,high,action_other,tagged/2001/December_06_2001.txt,action_other:action='other'; source ACTION→'continued'
1347,2001,1999.455E,prelabeled,high,"absent_missing,action_other",tagged/2001/December_06_2001.txt,action_other:action='other'; source ACTION→'other'; absent_missing:block has an ABSENT: line
1544,2001,2000.1141C,prelabeled,high,action_other,tagged/2001/July_19_2001.txt,action_other:action='other'; source ACTION→'continued'
1690,2001,2001.0502C,prelabeled,high,"absent_missing,action_other,ayes_missing,vote_missing",tagged/2001/November_08_2001.txt,action_other:action='other'; source ACTION→'continued'; ayes_missing:block has an AYES: line; absent_missing:block has an ABSENT: line; vote_missing:no vote/ayes but block has AYES:
1697,2001,2000.1183DDD,prelabeled,high,action_other,tagged/2001/November_08_2001.txt,action_other:action='other'; source ACTION→'continued'
1708,2001,2000.1141C,prelabeled,high,action_other,tagged/2001/November_08_2001.txt,action_other:action='other'; source ACTION→'continued'
1713,2001,2001.0062E,prelabeled,high,action_other,tagged/2001/November_15_2001.txt,action_other:action='other'; source ACTION→'continued'
1714,2001,2001.0502C,prelabeled,high,"absent_missing,action_other,ayes_missing,vote_missing",tagged/2001/November_15_2001.txt,action_other:action='other'; source ACTION→'continued'; ayes_missing:block has an AYES: line; absent_missing:block has an ABSENT: line; vote_missing:no vote/ayes but block has AYES:
1715,2001,2001.0700C,prelabeled,high,action_other,tagged/2001/November_15_2001.txt,action_other:action='other'; source ACTION→'?'
1738,2001,2001.0502C,prelabeled,high,"absent_missing,action_other,ayes_missing,district_missing,vote_missing",tagged/2001/October_04_2001.txt,action_other:action='other'; source ACTION→'continued'; ayes_missing:block has an AYES: line; absent_missing:block has an ABSENT: line; vote_missing:no vote/ayes but block has AYES:; district_missing:block states district 'NC-3'
1739,2001,2001.0522C,prelabeled,high,action_other,tagged/2001/October_04_2001.txt,action_other:action='other'; source ACTION→'continued'
1770,2001,2001.0540C,prelabeled,high,action_other,tagged/2001/October_18_2001.txt,action_other:action='other'; source ACTION→'continued'
1771,2001,2001.0700C,prelabeled,high,action_other,tagged/2001/October_18_2001.txt,action_other:action='other'; source ACTION→'continued'
1772,2001,2001.0499DDDD,prelabeled,high,action_other,tagged/2001/October_18_2001.txt,action_other:action='other'; source ACTION→'?'
1777,2001,2001.0522C,prelabeled,high,action_other,tagged/2001/October_18_2001.txt,action_other:action='other'; source ACTION→'approved'
1778,2001,2001.0667C,prelabeled,high,action_other,tagged/2001/October_18_2001.txt,action_other:action='other'; source ACTION→'approved'
1779,2001,2001.0716D,prelabeled,high,action_other,tagged/2001/October_18_2001.txt,action_other:action='other'; source ACTION→'approved'
1780,2001,2001.0895D,prelabeled,high,action_other,tagged/2001/October_18_2001.txt,action_other:action='other'; source ACTION→'approved'
1781,2001,2001.0694D,prelabeled,high,action_other,tagged/2001/October_18_2001.txt,action_other:action='other'; source ACTION→'approved'
1783,2001,2001.0910D,prelabeled,high,"absent_missing,action_other",tagged/2001/October_18_2001.txt,action_other:action='other'; source ACTION→'approved'; absent_missing:block has an ABSENT: line
1806,2001,2001.0522C,prelabeled,high,action_other,tagged/2001/September_06_2001.txt,action_other:action='other'; source ACTION→'continued'
1847,2001,2000.1141C,prelabeled,high,action_other,tagged/2001/September_20_2001.txt,action_other:action='other'; source ACTION→'continued'
1851,2002,2000.1183DDD,prelabeled,high,action_other,tagged/2002/April_04_2002.txt,action_other:action='other'; source ACTION→'?'
1915,2002,2000.1311ECD,prelabeled,high,action_other,tagged/2002/December_05_2002.txt,action_other:action='other'; source ACTION→'continued'
1979,2002,2001.1026C,prelabeled,high,action_other,tagged/2002/February_07_2002.txt,action_other:action='other'; source ACTION→'approved'
1980,2002,2000.1141C,prelabeled,high,action_other,tagged/2002/February_07_2002.txt,action_other:action='other'; source ACTION→'approved_with_conditions'
1997,2002,2001.0062E,prelabeled,high,action_other,tagged/2002/February_21_2002.txt,action_other:action='other'; source ACTION→'continued'
2016,2002,2001.0062E,prelabeled,high,action_other,tagged/2002/February_28_2002.txt,action_other:action='other'; source ACTION→'other'
2055,2002,2002.0037U,prelabeled,high,"absent_missing,action_other",tagged/2002/January_17_2002.txt,action_other:action='other'; source ACTION→'continued'; absent_missing:block has an ABSENT: line
2064,2002,2001.0502C,prelabeled,high,action_other,tagged/2002/January_24_2002.txt,action_other:action='other'; source ACTION→'withdrawn'
2065,2002,2001.1026C,prelabeled,high,action_other,tagged/2002/January_24_2002.txt,action_other:action='other'; source ACTION→'continued'
2066,2002,2000.1141C,prelabeled,high,action_other,tagged/2002/January_24_2002.txt,action_other:action='other'; source ACTION→'continued'
2068,2002,2001.0062E,prelabeled,high,action_other,tagged/2002/January_24_2002.txt,action_other:action='other'; source ACTION→'continued'
2069,2002,2000.1183DDD,prelabeled,high,action_other,tagged/2002/January_24_2002.txt,action_other:action='other'; source ACTION→'continued'
2075,2002,2002.0037U,prelabeled,high,action_other,tagged/2002/January_24_2002.txt,action_other:action='other'; source ACTION→'disapproved'
2077,2002,2001.0841C,prelabeled,high,action_other,tagged/2002/January_24_2002.txt,action_other:action='other'; source ACTION→'approved'
2078,2002,2001.0994C,prelabeled,high,action_other,tagged/2002/January_24_2002.txt,action_other:action='other'; source ACTION→'approved'
2079,2002,2001.0956D,prelabeled,high,action_other,tagged/2002/January_24_2002.txt,action_other:action='other'; source ACTION→'approved'
2080,2002,2001.0693D,prelabeled,high,"absent_missing,action_other",tagged/2002/January_24_2002.txt,action_other:action='other'; source ACTION→'approved'; absent_missing:block has an ABSENT: line
2135,2002,2000.1311ECD,prelabeled,high,"absent_missing,action_other",tagged/2002/June_27_2002.txt,action_other:action='other'; source ACTION→'other'; absent_missing:block has an ABSENT: line
2393,2003,2002.0778E,prelabeled,high,action_other,tagged/2003/April_03_2003.txt,action_other:action='other'; source ACTION→'continued'
2402,2003,2003.0037C,prelabeled,high,"absent_missing,action_other",tagged/2003/April_03_2003.txt,action_other:action='other'; source ACTION→'approved'; absent_missing:block has an ABSENT: line
2421,2003,2002.1120C,prelabeled,high,action_other,tagged/2003/April_10_2003.txt,action_other:action='other'; source ACTION→'continued'
2437,2003,2002.1120C,prelabeled,high,"absent_missing,action_other",tagged/2003/April_24_2003.txt,action_other:action='other'; source ACTION→'approved'; absent_missing:block has an ABSENT: line
2583,2003,2002.0636DD,prelabeled,high,"absent_missing,action_other",tagged/2003/February_13_2003.txt,action_other:action='other'; source ACTION→'continued'; absent_missing:block has an ABSENT: line
2597,2003,2002.1064D,prelabeled,high,"action_other,ayes_missing,vote_missing",tagged/2003/February_27_2003.txt,action_other:action='other'; source ACTION→'continued'; ayes_missing:block has an AYES: line; vote_missing:no vote/ayes but block has AYES:
2604,2003,2002.0636DD,prelabeled,high,action_other,tagged/2003/February_27_2003.txt,action_other:action='other'; source ACTION→'continued'
2608,2003,2002.1084C,prelabeled,high,action_other,tagged/2003/February_27_2003.txt,action_other:action='other'; source ACTION→'continued'
2705,2003,2001.0062E,prelabeled,high,action_other,tagged/2003/July_10_2003.txt,action_other:action='other'; source ACTION→'other'
2861,2003,2002.0778E,prelabeled,high,"absent_missing,action_other",tagged/2003/March_06_2003.txt,action_other:action='other'; source ACTION→'continued'; absent_missing:block has an ABSENT: line
2869,2003,2002.1084C,prelabeled,high,"absent_missing,action_other",tagged/2003/March_06_2003.txt,action_other:action='other'; source ACTION→'continued'; absent_missing:block has an ABSENT: line
2879,2003,2003.0190D,prelabeled,high,action_other,tagged/2003/March_13_2003.txt,action_other:action='other'; source ACTION→'continued'
2890,2003,2002.0636DD,prelabeled,high,"absent_missing,action_other",tagged/2003/March_13_2003.txt,action_other:action='other'; source ACTION→'continued'; absent_missing:block has an ABSENT: line
2899,2003,2002.1064D,prelabeled,high,"absent_missing,action_other",tagged/2003/March_13_2003.txt,action_other:action='other'; source ACTION→'continued'; absent_missing:block has an ABSENT: line
2902,2003,2002.1310D,prelabeled,high,action_other,tagged/2003/March_20_2003.txt,action_other:action='other'; source ACTION→'continued'
2904,2003,2002.0778E,prelabeled,high,action_other,tagged/2003/March_20_2003.txt,action_other:action='other'; source ACTION→'continued'
2905,2003,2003.0037C,prelabeled,high,action_other,tagged/2003/March_20_2003.txt,action_other:action='other'; source ACTION→'continued'
2910,2003,2002.0636DD,prelabeled,high,action_other,tagged/2003/March_20_2003.txt,action_other:action='other'; source ACTION→'disapproved'
2913,2003,2002.1084C,prelabeled,high,action_other,tagged/2003/March_20_2003.txt,action_other:action='other'; source ACTION→'continued'
2915,2003,2002.1120C,prelabeled,high,"absent_missing,action_other",tagged/2003/March_20_2003.txt,action_other:action='other'; source ACTION→'continued'; absent_missing:block has an ABSENT: line
2916,2003,2001.0792E,prelabeled,high,action_other,tagged/2003/March_20_2003.txt,action_other:action='other'; source ACTION→'other'
2917,2003,2002.1064D,prelabeled,high,action_other,tagged/2003/March_20_2003.txt,action_other:action='other'; source ACTION→'withdrawn'
2918,2003,2003.0190D,prelabeled,high,action_other,tagged/2003/March_20_2003.txt,action_other:action='other'; source ACTION→'continued_indefinitely'
2919,2003,2002.1284D,prelabeled,high,action_other,tagged/2003/March_20_2003.txt,action_other:action='other'; source ACTION→'approved'
2920,2003,2003.0219D,prelabeled,high,action_other,tagged/2003/March_20_2003.txt,action_other:action='other'; source ACTION→'approved'
2921,2003,2003.0221D,prelabeled,high,action_other,tagged/2003/March_20_2003.txt,action_other:action='other'; source ACTION→'approved'
2934,2003,2002.1120C,prelabeled,high,"absent_missing,action_other",tagged/2003/March_27_2003.txt,action_other:action='other'; source ACTION→'continued'; absent_missing:block has an ABSENT: line
2938,2003,2002.1310D,prelabeled,high,"absent_missing,action_other",tagged/2003/March_27_2003.txt,action_other:action='other'; source ACTION→'approved'; absent_missing:block has an ABSENT: line
2942,2003,2001.0062E,prelabeled,high,action_other,tagged/2003/May_01_2003.txt,action_other:action='other'; source ACTION→'other'
2961,2003,2002.0778E,prelabeled,high,"absent_missing,action_other",tagged/2003/May_08_2003.txt,action_other:action='other'; source ACTION→'continued'; absent_missing:block has an ABSENT: line
2964,2003,2002.1084C,prelabeled,high,"absent_missing,action_other",tagged/2003/May_08_2003.txt,action_other:action='other'; source ACTION→'continued'; absent_missing:block has an ABSENT: line
3014,2003,2002.0778E,prelabeled,high,"absent_missing,action_other",tagged/2003/May_22_2003.txt,action_other:action='other'; source ACTION→'other'; absent_missing:block has an ABSENT: line
3028,2003,2003.0873D,prelabeled,high,"absent_missing,action_other",tagged/2003/November_06_2003.txt,action_other:action='other'; source ACTION→'continued'; absent_missing:block has an ABSENT: line
3030,2003,2003.1079D,prelabeled,high,"absent_missing,action_other",tagged/2003/November_06_2003.txt,action_other:action='other'; source ACTION→'continued'; absent_missing:block has an ABSENT: line
3166,2003,2003.0190D,prelabeled,high,action_other,tagged/2003/September_11_2003.txt,action_other:action='other'; source ACTION→'approved'
3236,2004,2000.465E,prelabeled,high,"absent_missing,action_other",tagged/2004/April_1_2004.txt,action_other:action='other'; source ACTION→'other'; absent_missing:block has an ABSENT: line
3250,2004,2004.0151D,prelabeled,high,action_other,tagged/2004/April_8_2004.txt,action_other:action='other'; source ACTION→'continued'
3251,2004,2000.465E,prelabeled,high,action_other,tagged/2004/April_8_2004.txt,action_other:action='other'; source ACTION→'continued'
3252,2004,2003.0873D,prelabeled,high,action_other,tagged/2004/April_8_2004.txt,action_other:action='other'; source ACTION→'continued_indefinitely'
3347,2004,2000.465E,prelabeled,high,action_other,tagged/2004/February_12_2004.txt,action_other:action='other'; source ACTION→'continued'
3375,2004,2003.1314C,prelabeled,high,action_mismatch,tagged/2004/February_19_2004.txt,action_mismatch:label action='approved' vs source='continued'
3380,2004,2001.1039E,prelabeled,high,action_other,tagged/2004/February_26_2004.txt,action_other:action='other'; source ACTION→'continued'
3381,2004,2001.1039E,prelabeled,high,action_other,tagged/2004/February_26_2004.txt,action_other:action='other'; source ACTION→'continued'
3382,2004,2003.1312T,prelabeled,high,action_other,tagged/2004/February_26_2004.txt,action_other:action='other'; source ACTION→'continued'
3383,2004,2000.465E,prelabeled,high,"action_other,district_missing",tagged/2004/February_26_2004.txt,action_other:action='other'; source ACTION→'continued'; district_missing:block states district 'RM-3'
3384,2004,2004.0151D,prelabeled,high,action_other,tagged/2004/February_26_2004.txt,action_other:action='other'; source ACTION→'continued'
3385,2004,2003.0873D,prelabeled,high,action_other,tagged/2004/February_26_2004.txt,action_other:action='other'; source ACTION→'continued'
3386,2004,2003.1079D,prelabeled,high,action_other,tagged/2004/February_26_2004.txt,action_other:action='other'; source ACTION→'continued_indefinitely'
3387,2004,2003.1327DD,prelabeled,high,action_other,tagged/2004/February_26_2004.txt,action_other:action='other'; source ACTION→'withdrawn'
3393,2004,2003.0263D,prelabeled,high,"absent_missing,action_other",tagged/2004/February_26_2004.txt,action_other:action='other'; source ACTION→'continued'; absent_missing:block has an ABSENT: line
3394,2004,2003.1263D,prelabeled,high,action_other,tagged/2004/February_26_2004.txt,action_other:action='other'; source ACTION→'approved'
3395,2004,2003.1330D,prelabeled,high,action_other,tagged/2004/February_26_2004.txt,action_other:action='other'; source ACTION→'approved'
3396,2004,2003.1281DD,prelabeled,high,"absent_missing,action_other",tagged/2004/February_26_2004.txt,action_other:action='other'; source ACTION→'approved'; absent_missing:block has an ABSENT: line
3398,2004,2003.0873D,prelabeled,high,"absent_missing,action_other",tagged/2004/January_08_2004.txt,action_other:action='other'; source ACTION→'continued'; absent_missing:block has an ABSENT: line
3408,2004,2003.1079D,prelabeled,high,"absent_missing,action_other",tagged/2004/January_08_2004.txt,action_other:action='other'; source ACTION→'continued'; absent_missing:block has an ABSENT: line
3429,2004,2001.1039E,prelabeled,high,action_other,tagged/2004/January_15_2004.txt,action_other:action='other'; source ACTION→'other'
3507,2004,2004.0151D,prelabeled,high,action_other,tagged/2004/June_10_2004.txt,action_other:action='other'; source ACTION→'continued'
3566,2004,2004.0032D,prelabeled,high,action_other,tagged/2004/March_11_2004.txt,action_other:action='other'; source ACTION→'continued'
3579,2004,2003.1312T,prelabeled,high,"absent_missing,action_other",tagged/2004/March_11_2004.txt,action_other:action='other'; source ACTION→'approved'; absent_missing:block has an ABSENT: line
3594,2004,2002.1084C,prelabeled,high,"absent_missing,action_other",tagged/2004/March_18_2004.txt,action_other:action='other'; source ACTION→'approved'; absent_missing:block has an ABSENT: line
3610,2004,2001.1039E,prelabeled,high,"absent_missing,action_other",tagged/2004/March_4_2004.txt,action_other:action='other'; source ACTION→'continued'; absent_missing:block has an ABSENT: line
3620,2004,2001.1039E,prelabeled,high,"absent_missing,action_other",tagged/2004/March_4_2004.txt,action_other:action='other'; source ACTION→'other'; absent_missing:block has an ABSENT: line
3635,2004,2000.465E,prelabeled,high,"absent_missing,action_other",tagged/2004/May_13_2004.txt,action_other:action='other'; source ACTION→'other'; absent_missing:block has an ABSENT: line
3721,2004,2004.0151D,prelabeled,high,"absent_missing,action_other",tagged/2004/October_14_2004.txt,action_other:action='other'; source ACTION→'other'; absent_missing:block has an ABSENT: line
3735,2004,2004.0032D,prelabeled,high,action_other,tagged/2004/October_21_2004.txt,action_other:action='other'; source ACTION→'continued'
3814,2004,2004.0151D,prelabeled,high,action_other,tagged/2004/September_2_2004.txt,action_other:action='other'; source ACTION→'continued'
3867,2005,2004.1078D,prelabeled,high,action_other,tagged/2005/April_28_2005.txt,action_other:action='other'; source ACTION→'continued'
3942,2005,2005.0148DD,prelabeled,high,action_other,tagged/2005/December_1_2005.txt,action_other:action='other'; source ACTION→'continued'
4055,2005,2001.0062E,prelabeled,high,action_other,tagged/2005/July_28_2005.txt,action_other:action='other'; source ACTION→'other'
4057,2005,2001.0062E,prelabeled,high,action_other,tagged/2005/July_28_2005.txt,action_other:action='other'; source ACTION→'approved_as_modified'
4061,2005,2004.1078D,prelabeled,high,action_other,tagged/2005/June_16_2005.txt,action_other:action='other'; source ACTION→'continued'
4088,2005,2004.0032D,prelabeled,high,action_other,tagged/2005/June_2_2005.txt,action_other:action='other'; source ACTION→'continued'
4098,2005,2004.1078D,prelabeled,high,action_other,tagged/2005/June_9_2005.txt,action_other:action='other'; source ACTION→'continued'
4099,2005,2003.0672CE,prelabeled,high,action_other,tagged/2005/June_9_2005.txt,action_other:action='other'; source ACTION→'continued'
4104,2005,2004.1204D,prelabeled,high,"absent_missing,action_other,ayes_missing,district_missing,vote_missing",tagged/2005/June_9_2005.txt,action_other:action='other'; source ACTION→'other'; ayes_missing:block has an AYES: line; absent_missing:block has an ABSENT: line; vote_missing:no vote/ayes but block has AYES:; district_missing:block states district 'RH-2'
4105,2005,2004.0874D,prelabeled,high,action_other,tagged/2005/June_9_2005.txt,action_other:action='other'; source ACTION→'approved'
4106,2005,2004.1265D,prelabeled,high,action_other,tagged/2005/June_9_2005.txt,action_other:action='other'; source ACTION→'approved'
4107,2005,2004.1305D,prelabeled,high,action_other,tagged/2005/June_9_2005.txt,action_other:action='other'; source ACTION→'approved'
4151,2005,2004.0032D,prelabeled,high,action_other,tagged/2005/March_3_2005.txt,action_other:action='other'; source ACTION→'continued_indefinitely'
4392,2005,2004.1078D,prelabeled,high,action_other,tagged/2005/September_1_2005.txt,action_other:action='other'; source ACTION→'approved'
4481,2006,2006.0056C,prelabeled,high,"absent_missing,action_mismatch",tagged/2006/April_20_2006.txt,action_mismatch:label action='approved_with_conditions' vs source='continued'; absent_missing:block has an ABSENT: line
4568,2006,2006.0897D,prelabeled,high,"absent_missing,action_other",tagged/2006/December_14_2006.txt,action_other:action='other'; source ACTION→'continued'; absent_missing:block has an ABSENT: line
4634,2006,2005.0148DD,prelabeled,high,action_other,tagged/2006/January_12_2006.txt,action_other:action='other'; source ACTION→'other'
4982,2006,2006.0897D,prelabeled,high,action_other,tagged/2006/October_19_2006.txt,action_other:action='other'; source ACTION→'continued'
4985,2006,2006.0893C,prelabeled,high,action_other,tagged/2006/October_19_2006.txt,action_other:action='other'; source ACTION→'approved'
4990,2006,2006.1221E,prelabeled,high,action_other,tagged/2006/October_19_2006.txt,action_other:action='other'; source ACTION→'other'
4992,2006,2005.0570D,prelabeled,high,action_other,tagged/2006/October_19_2006.txt,action_other:action='other'; source ACTION→'?'
4993,2006,2006.0751D,prelabeled,high,action_other,tagged/2006/October_19_2006.txt,action_other:action='other'; source ACTION→'approved'
4994,2006,2006.0834D,prelabeled,high,action_other,tagged/2006/October_19_2006.txt,action_other:action='other'; source ACTION→'approved'
4995,2006,2006.1085D,prelabeled,high,"absent_missing,action_other",tagged/2006/October_19_2006.txt,action_other:action='other'; source ACTION→'continued'; absent_missing:block has an ABSENT: line
5003,2006,2006.1221E,prelabeled,high,"absent_missing,action_other",tagged/2006/October_26_2006.txt,action_other:action='other'; source ACTION→'continued'; absent_missing:block has an ABSENT: line
5017,2006,2006.0897D,prelabeled,high,"absent_missing,action_other",tagged/2006/October_5_2006.txt,action_other:action='other'; source ACTION→'continued'; absent_missing:block has an ABSENT: line
5033,2006,2005.0570D,prelabeled,high,"absent_missing,action_other,ayes_missing,vote_missing",tagged/2006/September_14_2006.txt,action_other:action='other'; source ACTION→'continued'; ayes_missing:block has an AYES: line; absent_missing:block has an ABSENT: line; vote_missing:no vote/ayes but block has AYES:
5103,2007,2005.0937D,prelabeled,high,action_other,tagged/2007/April_19_2007.txt,action_other:action='other'; source ACTION→'approved'
5214,2007,2007.0922C,prelabeled,high,action_other,tagged/2007/December_13_2007.txt,action_other:action='other'; source ACTION→'continued'
5227,2007,2007.0922C,prelabeled,high,action_other,tagged/2007/December_20_2007.txt,action_other:action='other'; source ACTION→'approved_with_conditions'
5228,2007,2007.0971C,prelabeled,high,action_other,tagged/2007/December_20_2007.txt,action_other:action='other'; source ACTION→'approved'
5309,2007,2006.0056C,prelabeled,high,action_mismatch,tagged/2007/January_18_2007.txt,action_mismatch:label action='approved_with_conditions' vs source='continued'
5323,2007,2006.1085D,prelabeled,high,"absent_missing,action_other",tagged/2007/January_18_2007.txt,action_other:action='other'; source ACTION→'approved'; absent_missing:block has an ABSENT: line
5550,2007,2007.0461C,prelabeled,high,action_other,tagged/2007/November_15_2007.txt,action_other:action='other'; source ACTION→'continued'
5551,2007,2007.0971C,prelabeled,high,action_other,tagged/2007/November_15_2007.txt,action_other:action='other'; source ACTION→'continued'
5554,2007,2007.0461C,prelabeled,high,action_other,tagged/2007/November_1_2007.txt,action_other:action='other'; source ACTION→'continued'
5562,2007,2007.0971C,prelabeled,high,action_other,tagged/2007/November_8_2007.txt,action_other:action='other'; source ACTION→'continued'
5563,2007,2007.0461C,prelabeled,high,action_other,tagged/2007/November_8_2007.txt,action_other:action='other'; source ACTION→'continued'
5565,2007,2004.0548E,prelabeled,high,action_other,tagged/2007/November_8_2007.txt,action_other:action='other'; source ACTION→'continued'
5566,2007,2005.0937D,prelabeled,high,"absent_missing,action_other",tagged/2007/November_8_2007.txt,action_other:action='other'; source ACTION→'continued'; absent_missing:block has an ABSENT: line
5567,2007,2007.0936T,prelabeled,high,"absent_missing,action_other,ayes_missing,vote_missing",tagged/2007/November_8_2007.txt,action_other:action='other'; source ACTION→'approved'; ayes_missing:block has an AYES: line; absent_missing:block has an ABSENT: line; vote_missing:no vote/ayes but block has AYES:
5571,2007,2007.0922C,prelabeled,high,action_other,tagged/2007/November_8_2007.txt,action_other:action='other'; source ACTION→'continued'
5576,2007,2007.1012D,prelabeled,high,action_other,tagged/2007/November_8_2007.txt,action_other:action='other'; source ACTION→'approved'
5579,2007,2007.0696D,prelabeled,high,action_other,tagged/2007/November_8_2007.txt,action_other:action='other'; source ACTION→'?'
5580,2007,2007.1108D,prelabeled,high,action_other,tagged/2007/November_8_2007.txt,action_other:action='other'; source ACTION→'approved'
5596,2007,2007.0701C,prelabeled,high,"absent_missing,action_mismatch",tagged/2007/October_18_2007.txt,action_mismatch:label action='approved' vs source='continued'; absent_missing:block has an ABSENT: line
5597,2007,2007.0461C,prelabeled,high,action_other,tagged/2007/October_18_2007.txt,action_other:action='other'; source ACTION→'continued'
5612,2007,2007.0701C,prelabeled,high,action_mismatch,tagged/2007/October_25_2007.txt,action_mismatch:label action='approved' vs source='continued'
5613,2007,2007.0461C,prelabeled,high,action_other,tagged/2007/October_25_2007.txt,action_other:action='other'; source ACTION→'continued'
5615,2007,2007.0936T,prelabeled,high,"action_other,ayes_missing,vote_missing",tagged/2007/October_25_2007.txt,action_other:action='other'; source ACTION→'continued'; ayes_missing:block has an AYES: line; vote_missing:no vote/ayes but block has AYES:
5620,2007,2007.0584C,prelabeled,high,"action_other,ayes_missing,vote_missing",tagged/2007/October_25_2007.txt,action_other:action='other'; source ACTION→'continued'; ayes_missing:block has an AYES: line; vote_missing:no vote/ayes but block has AYES:
5893,2008,2004.0548E,prelabeled,high,action_other,tagged/2008/February_7_2008.txt,action_other:action='other'; source ACTION→'continued_indefinitely'
5912,2008,2004.0548E,prelabeled,high,action_other,tagged/2008/January_17_2008.txt,action_other:action='other'; source ACTION→'continued'
5943,2008,2007.0461C,prelabeled,high,action_other,tagged/2008/January_24_2008.txt,action_other:action='other'; source ACTION→'approved'
5978,2008,2006.0441E,prelabeled,high,action_other,tagged/2008/July_17_2008.txt,action_other:action='other'; source ACTION→'continued'
5979,2008,2006.0441V,prelabeled,high,action_other,tagged/2008/July_17_2008.txt,action_other:action='other'; source ACTION→'continued'
5996,2008,2008.0492D,prelabeled,high,action_other,tagged/2008/July_24_2008.txt,action_other:action='other'; source ACTION→'continued'
6144,2008,2006.0441E,prelabeled,high,action_other,tagged/2008/May_29_2008.txt,action_other:action='other'; source ACTION→'continued'
6244,2008,2007.0189D,prelabeled,high,action_other,tagged/2008/November_6_2008.txt,action_other:action='other'; source ACTION→'other'
6261,2008,2008.0501DDD,prelabeled,high,action_other,tagged/2008/November_6_2008.txt,action_other:action='other'; source ACTION→'approved'
6272,2008,2008.0501DDD,prelabeled,high,action_other,tagged/2008/October_16_2008.txt,action_other:action='other'; source ACTION→'continued'
6282,2008,2006.0441E,prelabeled,high,"absent_missing,action_other",tagged/2008/October_16_2008.txt,action_other:action='other'; source ACTION→'other'; absent_missing:block has an ABSENT: line
6283,2008,2006.0441V,prelabeled,high,action_other,tagged/2008/October_16_2008.txt,action_other:action='other'; source ACTION→'continued_indefinitely'
6320,2008,2007.0676D,prelabeled,high,"absent_missing,action_other",tagged/2008/October_23_2008.txt,action_other:action='other'; source ACTION→'approved'; absent_missing:block has an ABSENT: line
6321,2008,2008.0752D,prelabeled,high,"absent_missing,action_other",tagged/2008/October_23_2008.txt,action_other:action='other'; source ACTION→'approved_as_modified'; absent_missing:block has an ABSENT: line
6326,2008,2007.0676D,prelabeled,high,"absent_missing,action_other",tagged/2008/October_2_2008.txt,action_other:action='other'; source ACTION→'continued'; absent_missing:block has an ABSENT: line
6327,2008,2008.0752D,prelabeled,high,"absent_missing,action_other",tagged/2008/October_2_2008.txt,action_other:action='other'; source ACTION→'continued'; absent_missing:block has an ABSENT: line
6375,2008,2006.0441E,prelabeled,high,action_other,tagged/2008/September_4_2008.txt,action_other:action='other'; source ACTION→'continued'
6376,2008,2006.0441V,prelabeled,high,action_other,tagged/2008/September_4_2008.txt,action_other:action='other'; source ACTION→'continued'
6377,2008,2007.0676D,prelabeled,high,action_other,tagged/2008/September_4_2008.txt,action_other:action='other'; source ACTION→'continued'
6378,2008,2008.0752D,prelabeled,high,action_other,tagged/2008/September_4_2008.txt,action_other:action='other'; source ACTION→'continued'
6380,2008,2007.0188D,prelabeled,high,action_other,tagged/2008/September_4_2008.txt,action_other:action='other'; source ACTION→'approved'
6381,2008,2007.0189D,prelabeled,high,action_other,tagged/2008/September_4_2008.txt,action_other:action='other'; source ACTION→'approved'
6385,2008,2008.0861C,prelabeled,high,action_other,tagged/2008/September_4_2008.txt,action_other:action='other'; source ACTION→'approved'
6391,2008,2008.0805D,prelabeled,high,action_other,tagged/2008/September_4_2008.txt,action_other:action='other'; source ACTION→'approved_as_modified'
6392,2008,2008.0492D,prelabeled,high,action_other,tagged/2008/September_4_2008.txt,action_other:action='other'; source ACTION→'approved'
6393,2008,2008.0501DDD,prelabeled,high,action_other,tagged/2008/September_4_2008.txt,action_other:action='other'; source ACTION→'continued'
6399,2009,2006.1065DDDD,prelabeled,high,"action_other,ayes_missing,vote_missing",tagged/2009/April_16_2009.txt,action_other:action='other'; source ACTION→'continued'; ayes_missing:block has an AYES: line; vote_missing:no vote/ayes but block has AYES:
6404,2009,2008.1161C,prelabeled,high,"absent_missing,action_mismatch",tagged/2009/April_23_2009.txt,action_mismatch:label action='approved' vs source='continued'; absent_missing:block has an ABSENT: line
6405,2009,2007.0128E,prelabeled,high,"absent_missing,action_other",tagged/2009/April_23_2009.txt,action_other:action='other'; source ACTION→'continued'; absent_missing:block has an ABSENT: line
6408,2009,2008.1014C,prelabeled,high,"absent_missing,action_other",tagged/2009/April_23_2009.txt,action_other:action='other'; source ACTION→'continued'; absent_missing:block has an ABSENT: line
6426,2009,2008.1161C,prelabeled,high,"absent_missing,action_mismatch",tagged/2009/April_9_2009.txt,action_mismatch:label action='approved' vs source='continued'; absent_missing:block has an ABSENT: line
6531,2009,2006.1065DDDD,prelabeled,high,"absent_missing,action_other,ayes_missing,vote_missing",tagged/2009/February_19_2009.txt,action_other:action='other'; source ACTION→'continued'; ayes_missing:block has an AYES: line; absent_missing:block has an ABSENT: line; vote_missing:no vote/ayes but block has AYES:
6649,2009,2008.1014C,prelabeled,high,action_other,tagged/2009/July_9_2009.txt,action_other:action='other'; source ACTION→'continued'
6710,2009,2006.1065DDDD,prelabeled,high,"action_other,ayes_missing,vote_missing",tagged/2009/March_12_2009.txt,action_other:action='other'; source ACTION→'continued'; ayes_missing:block has an AYES: line; vote_missing:no vote/ayes but block has AYES:
6726,2009,2008.1014C,prelabeled,high,"absent_missing,action_other",tagged/2009/March_19_2009.txt,action_other:action='other'; source ACTION→'continued'; absent_missing:block has an ABSENT: line
6745,2009,2009.0261T,prelabeled,high,action_other,tagged/2009/May_14_2009.txt,action_other:action='other'; source ACTION→'continued'
6746,2009,2005.0979E,prelabeled,high,action_other,tagged/2009/May_14_2009.txt,action_other:action='other'; source ACTION→'continued'
6747,2009,2009.0268T,prelabeled,high,action_other,tagged/2009/May_14_2009.txt,action_other:action='other'; source ACTION→'continued'
6748,2009,2008.1014C,prelabeled,high,action_other,tagged/2009/May_14_2009.txt,action_other:action='other'; source ACTION→'continued'
6749,2009,2006.1065DDDD,prelabeled,high,action_other,tagged/2009/May_14_2009.txt,action_other:action='other'; source ACTION→'?'
6752,2009,2007.0584C,prelabeled,high,action_other,tagged/2009/May_14_2009.txt,action_other:action='other'; source ACTION→'other'
6759,2009,2007.0128E,prelabeled,high,action_other,tagged/2009/May_14_2009.txt,action_other:action='other'; source ACTION→'approved'
6762,2009,2008.0327D,prelabeled,high,action_other,tagged/2009/May_14_2009.txt,action_other:action='other'; source ACTION→'approved'
6763,2009,2008.1257DV,prelabeled,high,action_other,tagged/2009/May_14_2009.txt,action_other:action='other'; source ACTION→'continued'
6773,2009,2009.0268T,prelabeled,high,"absent_missing,action_other",tagged/2009/May_28_2009.txt,action_other:action='other'; source ACTION→'approved'; absent_missing:block has an ABSENT: line
6776,2009,2005.0979E,prelabeled,high,action_other,tagged/2009/May_28_2009.txt,action_other:action='other'; source ACTION→'other'
6943,2010,2010.0556D,prelabeled,high,action_other,tagged/2010/December_2_2010.txt,action_other:action='other'; source ACTION→'continued'
7149,2010,2009.0227TU,prelabeled,high,action_other,tagged/2010/March_4_2010.txt,action_other:action='other'; source ACTION→'approved'
7226,2010,2010.0556D,prelabeled,high,action_other,tagged/2010/October_14_2010.txt,action_other:action='other'; source ACTION→'continued'
7260,2010,2007.1238M,prelabeled,high,action_other,tagged/2010/October_7_2010.txt,action_other:action='other'; source ACTION→'other'
7261,2010,2007.1238M,prelabeled,high,action_other,tagged/2010/October_7_2010.txt,action_other:action='other'; source ACTION→'approved'
7263,2010,2010.0323D,prelabeled,high,action_other,tagged/2010/October_7_2010.txt,action_other:action='other'; source ACTION→'approved'
7264,2010,2009.0335CEKV,prelabeled,high,"absent_missing,action_other,ayes_missing,vote_missing",tagged/2010/October_7_2010.txt,action_other:action='other'; source ACTION→'continued'; ayes_missing:block has an AYES: line; absent_missing:block has an ABSENT: line; vote_missing:no vote/ayes but block has AYES:
7265,2010,2009.0335CEKV,prelabeled,high,action_other,tagged/2010/October_7_2010.txt,action_other:action='other'; source ACTION→'approved'
7266,2010,2010.0754D,prelabeled,high,action_other,tagged/2010/October_7_2010.txt,action_other:action='other'; source ACTION→'approved'
7267,2010,2009.1003D,prelabeled,high,action_other,tagged/2010/October_7_2010.txt,action_other:action='other'; source ACTION→'withdrawn'
7268,2010,2010.0475D,prelabeled,high,action_other,tagged/2010/October_7_2010.txt,action_other:action='other'; source ACTION→'withdrawn'
7269,2010,2008.0968E,prelabeled,high,action_other,tagged/2010/October_7_2010.txt,action_other:action='other'; source ACTION→'other'
7286,2010,2010.0459C,prelabeled,high,"absent_missing,action_mismatch",tagged/2010/September_2_2010.txt,action_mismatch:label action='approved' vs source='continued'; absent_missing:block has an ABSENT: line
7290,2010,2010.0323D,prelabeled,high,"absent_missing,action_other",tagged/2010/September_2_2010.txt,action_other:action='other'; source ACTION→'continued'; absent_missing:block has an ABSENT: line
7381,2011,2010.0556D,prelabeled,high,action_other,tagged/2011/February_17_2011.txt,action_other:action='other'; source ACTION→'continued'
7570,2011,2011.0063DV,prelabeled,high,action_other,tagged/2011/May_12_2011.txt,action_other:action='other'; source ACTION→'other'
7571,2011,2011.0063DV,prelabeled,high,action_other,tagged/2011/May_12_2011.txt,action_other:action='other'; source ACTION→'other'
7572,2011,2008.0723E,prelabeled,high,action_other,tagged/2011/May_12_2011.txt,action_other:action='other'; source ACTION→'other'
7573,2011,2008.0723V,prelabeled,high,action_other,tagged/2011/May_12_2011.txt,action_other:action='other'; source ACTION→'other'
7575,2011,2010.0137D,prelabeled,high,action_other,tagged/2011/May_12_2011.txt,action_other:action='other'; source ACTION→'other'
7576,2011,2010.0137V,prelabeled,high,action_other,tagged/2011/May_12_2011.txt,action_other:action='other'; source ACTION→'other'
7577,2011,2010.0556D,prelabeled,high,action_other,tagged/2011/May_12_2011.txt,action_other:action='other'; source ACTION→'took_dr'
7578,2011,2011.0194D,prelabeled,high,action_other,tagged/2011/May_12_2011.txt,action_other:action='other'; source ACTION→'other'
7583,2011,2011.0063DV,prelabeled,high,action_other,tagged/2011/May_19_2011.txt,action_other:action='other'; source ACTION→'other'
7584,2011,2011.0063DV,prelabeled,high,action_other,tagged/2011/May_19_2011.txt,action_other:action='other'; source ACTION→'other'
7725,2011,2011.0063DV,prelabeled,high,action_other,tagged/2011/September_22_2011.txt,action_other:action='other'; source ACTION→'continued'
7779,2012,2012.0822C,prelabeled,high,"absent_missing,action_other",tagged/2012/August_16_2012.txt,action_other:action='other'; source ACTION→'continued'; absent_missing:block has an ABSENT: line
7807,2012,2012.0822C,prelabeled,high,action_other,tagged/2012/December_6_2012.txt,action_other:action='other'; source ACTION→'continued'
8106,2012,2012.0822C,prelabeled,high,"absent_missing,action_other",tagged/2012/October_25_2012.txt,action_other:action='other'; source ACTION→'continued'; absent_missing:block has an ABSENT: line
8118,2012,2012.0822C,prelabeled,high,action_other,tagged/2012/September_13_2012.txt,action_other:action='other'; source ACTION→'continued'
8152,2013,2012.0822C,prelabeled,high,action_other,tagged/2013/April_11_2013.txt,action_other:action='other'; source ACTION→'continued'
8273,2013,2013.0050CTZ,prelabeled,high,"absent_missing,action_other",tagged/2013/February_14_2013.txt,action_other:action='other'; source ACTION→'approved'; absent_missing:block has an ABSENT: line
8274,2013,2013.0050CTZ,prelabeled,high,"absent_missing,action_other",tagged/2013/February_14_2013.txt,action_other:action='other'; source ACTION→'approved'; absent_missing:block has an ABSENT: line
8275,2013,2013.0050CTZ,prelabeled,high,"absent_missing,action_other",tagged/2013/February_14_2013.txt,action_other:action='other'; source ACTION→'approved_with_conditions'; absent_missing:block has an ABSENT: line
8296,2013,2013.0029X,prelabeled,high,action_mismatch,tagged/2013/February_7_2013.txt,action_mismatch:label action='approved' vs source='continued'
8298,2013,2013.0050CTZ,prelabeled,high,action_other,tagged/2013/February_7_2013.txt,action_other:action='other'; source ACTION→'approved'
8299,2013,2013.0050CTZ,prelabeled,high,action_other,tagged/2013/February_7_2013.txt,action_other:action='other'; source ACTION→'continued'
8300,2013,2013.0050CTZ,prelabeled,high,action_other,tagged/2013/February_7_2013.txt,action_other:action='other'; source ACTION→'continued'
8303,2013,2012.0822C,prelabeled,high,action_other,tagged/2013/February_7_2013.txt,action_other:action='other'; source ACTION→'continued'
8305,2013,2012.1193C,prelabeled,high,action_other,tagged/2013/February_7_2013.txt,action_other:action='other'; source ACTION→'approved_with_conditions'
8306,2013,2012.0109CV,prelabeled,high,"action_other,ayes_missing,vote_missing",tagged/2013/February_7_2013.txt,action_other:action='other'; source ACTION→'approved'; ayes_missing:block has an AYES: line; vote_missing:no vote/ayes but block has AYES:
8307,2013,2012.0109CV,prelabeled,high,action_other,tagged/2013/February_7_2013.txt,action_other:action='other'; source ACTION→'other'
8330,2013,2012.0109CV,prelabeled,high,"absent_missing,action_other,ayes_missing,vote_missing",tagged/2013/January_24_2013.txt,action_other:action='other'; source ACTION→'other'; ayes_missing:block has an AYES: line; absent_missing:block has an ABSENT: line; vote_missing:no vote/ayes but block has AYES:
8331,2013,2012.0109CV,prelabeled,high,"absent_missing,action_other,ayes_missing,vote_missing",tagged/2013/January_24_2013.txt,action_other:action='other'; source ACTION→'other'; ayes_missing:block has an AYES: line; absent_missing:block has an ABSENT: line; vote_missing:no vote/ayes but block has AYES:
8393,2013,2013.0647T,prelabeled,high,action_other,tagged/2013/June_20_2013.txt,action_other:action='other'; source ACTION→'other'
8413,2013,2012.0822C,prelabeled,high,action_other,tagged/2013/June_6_2013.txt,action_other:action='other'; source ACTION→'other'
8666,2014,2014.0966T,prelabeled,high,action_other,tagged/2014/December_11_2014.txt,action_other:action='other'; source ACTION→'approved_with_conditions'
8681,2014,2013.0986CX,prelabeled,high,action_other,tagged/2014/December_18_2014.txt,action_other:action='other'; source ACTION→'approved'
8682,2014,2013.0986CX,prelabeled,high,action_other,tagged/2014/December_18_2014.txt,action_other:action='other'; source ACTION→'approved_with_conditions'
8692,2014,2014.0966T,prelabeled,high,action_other,tagged/2014/December_4_2014.txt,action_other:action='other'; source ACTION→'other'
8788,2014,2013.1340D,prelabeled,high,action_other,tagged/2014/July_17_2014.txt,action_other:action='other'; source ACTION→'approved'
8802,2014,2013.0647T,prelabeled,high,"absent_missing,action_other",tagged/2014/July_24_2014.txt,action_other:action='other'; source ACTION→'other'; absent_missing:block has an ABSENT: line
8925,2014,2013.1340D,prelabeled,high,action_other,tagged/2014/May_1_2014.txt,action_other:action='other'; source ACTION→'approved'
8936,2014,2013.1340D,prelabeled,high,action_other,tagged/2014/May_22_2014.txt,action_other:action='other'; source ACTION→'approved'
8967,2014,2014.0966T,prelabeled,high,action_other,tagged/2014/November_20_2014.txt,action_other:action='other'; source ACTION→'continued'
8968,2014,2013.1340D,prelabeled,high,action_other,tagged/2014/November_20_2014.txt,action_other:action='other'; source ACTION→'approved'
8971,2014,2011.0409B,prelabeled,high,action_other,tagged/2014/November_20_2014.txt,action_other:action='other'; source ACTION→'other'
8972,2014,2011.0409E,prelabeled,high,action_other,tagged/2014/November_20_2014.txt,action_other:action='other'; source ACTION→'other'
8973,2014,2013.0647T,prelabeled,high,action_other,tagged/2014/November_20_2014.txt,action_other:action='other'; source ACTION→'approved'
8974,2014,2013.1517ME,prelabeled,high,action_other,tagged/2014/November_20_2014.txt,action_other:action='other'; source ACTION→'approved'
8975,2014,2014.0156T,prelabeled,high,action_other,tagged/2014/November_20_2014.txt,action_other:action='other'; source ACTION→'approved'
8976,2014,2013.0986CX,prelabeled,high,action_other,tagged/2014/November_20_2014.txt,action_other:action='other'; source ACTION→'approved'
8977,2014,2013.0986CX,prelabeled,high,action_other,tagged/2014/November_20_2014.txt,action_other:action='other'; source ACTION→'continued'
8978,2014,2014.0799C,prelabeled,high,action_other,tagged/2014/November_20_2014.txt,action_other:action='other'; source ACTION→'approved'
8979,2014,2014.1379D,prelabeled,high,action_other,tagged/2014/November_20_2014.txt,action_other:action='other'; source ACTION→'approved'
8980,2014,2014.0177D,prelabeled,high,action_other,tagged/2014/November_20_2014.txt,action_other:action='other'; source ACTION→'approved'
8981,2014,2014.0966T,prelabeled,high,action_other,tagged/2014/November_6_2014.txt,action_other:action='other'; source ACTION→'continued'
8982,2014,2014.0156T,prelabeled,high,action_other,tagged/2014/November_6_2014.txt,action_other:action='other'; source ACTION→'continued'
8983,2014,2014.0799C,prelabeled,high,action_other,tagged/2014/November_6_2014.txt,action_other:action='other'; source ACTION→'approved'
8991,2014,2013.1517ME,prelabeled,high,action_other,tagged/2014/November_6_2014.txt,action_other:action='other'; source ACTION→'continued'
8995,2014,2013.0647T,prelabeled,high,"absent_missing,action_other",tagged/2014/October_16_2014.txt,action_other:action='other'; source ACTION→'continued'; absent_missing:block has an ABSENT: line
8998,2014,2014.0156T,prelabeled,high,"absent_missing,action_other",tagged/2014/October_16_2014.txt,action_other:action='other'; source ACTION→'other'; absent_missing:block has an ABSENT: line
9010,2014,2013.0647T,prelabeled,high,"absent_missing,action_other",tagged/2014/October_23_2014.txt,action_other:action='other'; source ACTION→'continued'; absent_missing:block has an ABSENT: line
9024,2014,2014.0966T,prelabeled,high,action_other,tagged/2014/October_2_2014.txt,action_other:action='other'; source ACTION→'other'
9034,2014,2013.1517ME,prelabeled,high,action_other,tagged/2014/October_9_2014.txt,action_other:action='other'; source ACTION→'other'
9038,2014,2013.1340D,prelabeled,high,action_other,tagged/2014/September_11_2014.txt,action_other:action='other'; source ACTION→'approved'
9070,2014,2013.1340D,prelabeled,high,action_other,tagged/2014/September_4_2014.txt,action_other:action='other'; source ACTION→'approved'
3,1998,98.127C,done,med,"district_missing,request_type_blank",tagged/1998/APRIL_2_1998.txt,request_type_blank:suffix implies 'conditional_use'; district_missing:block states district 'NC-2'
147,1998,98.155ET,prelabeled,med,district_missing,tagged/1998/June_4_1998.txt,district_missing:block states district 'RM-4'
6389,2008,2008.1008T,prelabeled,med,district_missing,tagged/2008/September_4_2008.txt,district_missing:block states district 'RH-1'
6400,2009,2006.1065V,prelabeled,med,"ayes_missing,vote_missing",tagged/2009/April_16_2009.txt,ayes_missing:block has an AYES: line; vote_missing:no vote/ayes but block has AYES:
6532,2009,2006.1065V,prelabeled,med,"absent_missing,ayes_missing,vote_missing",tagged/2009/February_19_2009.txt,ayes_missing:block has an AYES: line; absent_missing:block has an ABSENT: line; vote_missing:no vote/ayes but block has AYES:
6711,2009,2006.1065V,prelabeled,med,"ayes_missing,vote_missing",tagged/2009/March_12_2009.txt,ayes_missing:block has an AYES: line; vote_missing:no vote/ayes but block has AYES:
6750,2009,2006.1065V,prelabeled,med,"ayes_missing,vote_missing",tagged/2009/May_14_2009.txt,ayes_missing:block has an AYES: line; vote_missing:no vote/ayes but block has AYES:
7981,2012,2007.0030ECKMRZ,prelabeled,med,"absent_missing,ayes_missing,vote_missing",tagged/2012/March_22_2010.txt,ayes_missing:block has an AYES: line; absent_missing:block has an ABSENT: line; vote_missing:no vote/ayes but block has AYES:
7982,2012,2007.0030ECKMRZ,prelabeled,med,"absent_missing,ayes_missing,vote_missing",tagged/2012/March_22_2010.txt,ayes_missing:block has an AYES: line; absent_missing:block has an ABSENT: line; vote_missing:no vote/ayes but block has AYES:
7983,2012,2007.0030ECKMRZ,prelabeled,med,"absent_missing,ayes_missing,vote_missing",tagged/2012/March_22_2010.txt,ayes_missing:block has an AYES: line; absent_missing:block has an ABSENT: line; vote_missing:no vote/ayes but block has AYES:
7984,2012,2007.0030ECKMRZ,prelabeled,med,"absent_missing,ayes_missing,vote_missing",tagged/2012/March_22_2010.txt,ayes_missing:block has an AYES: line; absent_missing:block has an ABSENT: line; vote_missing:no vote/ayes but block has AYES:
7985,2012,2007.0030ECKMRZ,prelabeled,med,"absent_missing,ayes_missing,vote_missing",tagged/2012/March_22_2010.txt,ayes_missing:block has an AYES: line; absent_missing:block has an ABSENT: line; vote_missing:no vote/ayes but block has AYES:
7986,2012,2007.0030ECKMRZ,prelabeled,med,"absent_missing,ayes_missing,vote_missing",tagged/2012/March_22_2010.txt,ayes_missing:block has an AYES: line; absent_missing:block has an ABSENT: line; vote_missing:no vote/ayes but block has AYES:
7987,2012,2007.0030ECKMRZ,prelabeled,med,"absent_missing,ayes_missing,vote_missing",tagged/2012/March_22_2010.txt,ayes_missing:block has an AYES: line; absent_missing:block has an ABSENT: line; vote_missing:no vote/ayes but block has AYES:
7988,2012,2007.0030ECKMRZ,prelabeled,med,"absent_missing,ayes_missing,vote_missing",tagged/2012/March_22_2010.txt,ayes_missing:block has an AYES: line; absent_missing:block has an ABSENT: line; vote_missing:no vote/ayes but block has AYES:
