case_number,meeting_date,ref,joined_case,pr_record_id,pr_record_type,pr_status,pr_address,pr_open,pr_close,pr_applicant
97.686C,1998-03-05,own,97.686C,1997.686C,CUA,Closed - Withdrawn,"1100 - 1108 GRANT AV, SAN FRANCISCO, CA 94133",1997-10-08,1998-08-10,John Lee Architects/Planners Inc.
97.870C,1998-03-05,own,97.870C,1997.870C,CUA,Closed - Approved,"286 VALENCIA ST, SAN FRANCISCO, CA",1997-12-11,1998-03-05,
97.526D,1998-03-19,own,97.526D,1997.526D,DRM,Closed - DR taken-Approved,"2068 03RD ST IT 1, SAN FRANCISCO, CA 94107",1998-01-26,1998-03-19,
98.127C,1998-04-09,own,98.127C,1998.127C,CUA,Closed - Approved,"1200 09TH AV, SAN FRANCISCO, CA",1998-02-27,1998-06-04,Kensington Investments
98.229D,1998-05-21,own,98.229D,1998.229D,DRM,Closed,"253 26TH AV 0001, SAN FRANCISCO, CA 94121",1998-03-19,1998-06-02,
98.226D,1998-06-04,own,98.226D,1998.226D,DRM,Closed - DR not taken-Approved,"571 JERSEY ST, SAN FRANCISCO, CA 94114",1998-03-16,1998-06-25,
98.251C,1998-06-04,own,98.251C,1998.251C,CUA,Closed - Approved,"152 COLERIDGE ST, SAN FRANCISCO, CA 94110",1998-04-09,1998-06-11,Walden House
98.341T,1998-06-04,own,98.341T,1998.341T,PCA,Closed - Withdrawn,,1998-05-11,1998-09-16,
97.470E,1998-06-04,own,97.470E,1997.470E,ENV,Closed,"475 - 477 BRANNAN ST, SAN FRANCISCO, CA 94103",1997-07-17,2003-01-14,
98.136C,1998-06-04,own,98.136C,1998.136C,CUA,Closed - Approved,"1081 PINE ST 0101, SAN FRANCISCO, CA 94109",1998-03-04,1998-06-04,"Elevation Architects, Inc."
98.197C,1998-06-04,own,98.197C,1998.197C,CUA,Closed - Approved,"180 REDWOOD ST, SAN FRANCISCO, CA",1998-03-24,1998-06-04,TOGO's/Basknin Robbins
98.246D,1998-06-11,own,98.246D,1998.246D,DRM,Closed,"3230 BAKER ST, SAN FRANCISCO, CA 94123",1998-04-03,1998-06-02,2472-74 Francisco Homeowners Assn.
98.290D/DD,1998-06-11,cited,98.290D,1998.290D,DRM,Closed,"253 29TH AV, SAN FRANCISCO, CA 94121",1998-04-21,1998-06-25,
98.086C,1998-07-23,own,98.086C,1998.086C,CUA,Closed,"3000 - 3006 26TH ST, SAN FRANCISCO, CA 94110",1998-02-12,2006-05-26,
98.288,1998-09-24,cited,98.288Z,1998.288Z,MAP,Closed,"946 KANSAS ST, SAN FRANCISCO, CA 94107",1998-05-21,1998-10-26,Michael Stanton Architecture
97.642E,1998-09-24,own,97.642E,1997.642E,ENV,Closed - CEQA Clearance Issued,,1997-09-23,1998-08-15,
98.266E,1999-01-14,own,98.266E,1998.266E,ENV,Closed - CEQA Clearance Issued,,1998-04-14,1999-03-04,Telecom Center - S.F. LLC
98.901C,1999-01-21,own,98.901C,1998.901C,CUA,Closed - Approved,"3100 WEBSTER ST, SAN FRANCISCO, CA 94123",1998-10-28,1999-01-21,
98.778C,1999-01-21,own,98.778C,1998.778C,CUA,Closed - Disapproved,"2080 16TH AV, SAN FRANCISCO, CA 94116",1998-09-17,1999-02-25,
98.455E,1999-03-04,own,98.455E,1998.455E,ENV,Closed - CEQA Clearance Issued,"675 TOWNSEND ST, SAN FRANCISCO, CA 94107",1998-06-15,1999-06-17,Curtis Development and Consulting
98.794D,1999-04-15,own,98.794D,1998.794D,DRM,Closed,"125 NAPOLEON ST, SAN FRANCISCO, CA 94124",1998-01-20,2002-12-17,
98.967C,1999-04-15,own,98.967C,1998.967C,CUA,Closed - Approved,"3132 - 3136 23RD ST, SAN FRANCISCO, CA 94110",1998-11-19,1999-04-15,MEDA
98.153D,1999-04-15,own,98.153D,1998.153D,DRM,Closed - DR not taken-Approved,"1025 MINNA ST 0001, SAN FRANCISCO, CA",1998-11-25,1999-04-15,
1999.516C,2000-01-20,own,1999.516C,1999.516C,CUA,Closed - Approved,"175 FRANCISCO ST 0019, SAN FRANCISCO, CA 94133",1999-08-04,2000-01-20,Behm Architects
2000.399C,2000-06-22,own,2000.399C,2000.399C,CUA,Closed - Approved,"2750 RIVERA ST, SAN FRANCISCO, CA 94116",2000-04-26,2000-06-22,Whalen & Company
2000.288E,2000-07-06,own,2000.288E,2000.288E,ENV,Closed - CEQA Clearance Issued,"580 KING ST, SAN FRANCISCO, CA 94107",2000-03-27,2000-06-27,Turnstone Consulting
1999.790C,2000-07-06,own,1999.790C,1999.790C,CUA,Closed - Disapproved,"1628 BALBOA ST, SAN FRANCISCO, CA 94121",1999-11-09,2000-07-20,
1999.668B,2000-07-06,own,1999.668B,1999.668B,OFA,Closed - Approved,"543 - 543 HOWARD ST, SAN FRANCISCO, CA 94105",1999-12-08,2000-09-07,Reuben and Junius
1999.817C,2000-07-06,own,1999.817C,1999.817C,CUA,Closed - Approved,"665 CHESTNUT ST, SAN FRANCISCO, CA 94133",1999-11-24,2000-08-03,Richard Conor Riley & Associates
2000.009E,2000-09-07,own,2000.009E,2000.009E,ENV,Closed - CEQA Clearance Issued,"1800 MISSION ST, SAN FRANCISCO, CA 94110",2000-01-05,2000-11-03,Reuben and Junius
2000.292C,2000-09-14,own,2000.292C,2000.292C,CUA,Closed - Approved,"772 SOUTH VAN NESS AV 0001, SAN FRANCISCO, CA",2000-03-28,2000-09-14,
2000.1105C,2001-02-08,own,2000.1105C,2000.1105C,CUA,Closed - Approved,"128 TEXAS ST, SAN FRANCISCO, CA 94107",2000-10-19,2001-02-08,
2001.0253D,2001-05-10,own,2001.0253D,2001.0253D,DRM,Closed - DR taken-Approved,"3896 NORIEGA ST, SAN FRANCISCO, CA 94122",2001-03-05,2003-05-08,
2001.0502C,2001-08-16,own,2001.0502C,2001.0502C,CUA,Closed - Withdrawn,"4715 - 4723 GEARY BL, SAN FRANCISCO, CA 94118",2001-05-15,2002-01-04,"GCA Strategies, Inc."
2001.0540C,2001-10-18,own,2001.0540C,2001.0540C,CUA,Closed,"865 STOCKTON ST, SAN FRANCISCO, CA",2001-05-23,2001-10-30,Peacock Associates
2001.0700C,2001-10-18,own,2001.0700C,2001.0700C,CUA,Closed,"505 SITUS TO BE ASSIGNED ST, SAN FRANCISCO, CA 94105",2001-07-11,2001-11-13,
2001.0522C,2001-10-18,own,2001.0522C,2001.0522C,CUA,Closed - Approved,"965 SITUS TO BE ASSIGNED AV, SAN FRANCISCO, CA 94112",2001-05-17,2001-10-18,"GCA Strategies, Inc."
2001.0667C,2001-10-18,own,2001.0667C,2001.0667C,CUA,Closed - Approved,"3352 - 3356 STEINER ST, SAN FRANCISCO, CA 94123",2001-06-26,2001-10-18,
2001.1026C,2002-01-24,own,2001.1026C,2001.1026C,CUA,Closed - Approved,"1237 - 1239 09TH AV, SAN FRANCISCO, CA 94122",2001-10-23,2002-02-07,Kauai Architecture
2000.1141C,2002-01-24,own,2000.1141C,2000.1141C,CUA,Closed - Approved,"2346 CLEMENT ST, SAN FRANCISCO, CA 94121",2000-10-31,2002-07-02,
2001.0535E,2002-04-04,own,2001.0535E,2001.0535E,ENV,Closed,,2001-05-22,2005-05-12,724 Van Ness Ave. LLC
2002.1310D,2003-03-20,own,2002.1310D,2002.1310D,DRM,Closed - DR not taken-Approved,"2625 BRODERICK ST, SAN FRANCISCO, CA 94123",2002-12-30,2003-03-27,
2002.0778E,2003-03-20,own,2002.0778E,2002.0778E,ENV,Closed - CEQA Clearance Issued,"150 - 190 BROADWAY, SAN FRANCISCO, CA 94111",2002-07-09,2003-05-22,Chinatown Community Development
2002.1084C,2003-03-20,own,2002.1084C,2002.1084C,CUA,Closed - Approved,"321 - 323 GRANT AV, SAN FRANCISCO, CA 94108",2002-10-16,2004-03-18,Reuben & Junius
2003.0073H,2003-03-20,own,2003.0073H,2003.0073H,PTA,Closed,"1301 - 1363 MARKET ST, SAN FRANCISCO, CA 94103",2003-01-15,2003-06-23,San Francisco Mart
2002.1120C,2003-03-20,own,2002.1120C,2002.1120C,CUA,Closed - Approved,"678 PORTOLA DR, SAN FRANCISCO, CA 94127",2002-10-31,2003-04-24,
2004.0015D,2004-01-22,own,2004.0015D,2004.0015D,DRM,Closed - DR taken-Approved,"1639 19TH ST, SAN FRANCISCO, CA 94107",2004-01-06,2004-01-22,
2001.1039E,2004-02-26,own,2001.1039E,2001.1039E,ENV,Closed - CEQA Clearance Issued,"1275 MARKET ST, SAN FRANCISCO, CA 94103",2001-10-25,2002-11-30,During Associates
2000.465E,2004-02-26,own,2000.465E,2000.465E,ENV,Closed - CEQA Clearance Issued,,2002-06-21,2004-05-13,
2004.0151D,2004-02-26,own,2004.0151D,2004.0151D,DRM,Closed - DR not taken-Approved,"2250 JACKSON ST, SAN FRANCISCO, CA 94115",2003-12-19,2004-10-14,Gary Bell & Associates
2003.0873D,2004-02-26,own,2003.0873D,2003.0873D,DRM,Closed - Withdrawn,"2528 - 2530 ANZA ST, SAN FRANCISCO, CA",2003-07-09,2004-11-23,
2003.1015E,2004-04-15,own,2003.1015E,2003.1015E,ENV,Closed - CEQA Clearance Issued,"1905 MISSION ST, SAN FRANCISCO, CA 94103",2003-09-24,2004-02-28,Forum Design
2003.1152V,2005-04-14,own,2003.1152V,2003.1152V,VAR,Closed - Approved,"329 BAY ST T  1, SAN FRANCISCO, CA 94133",2003-12-10,2005-05-19,"Office of Charles F. Bloszies, AIA"
2005.1070D,2006-02-09,own,2005.1070D,2005.1070D,DRM,Closed - DR taken-Approved,"710 SILLIMAN ST, SAN FRANCISCO, CA 94134",2005-11-15,2006-06-15,
2006.0056C,2007-01-18,own,2006.0056C,2006.0056C,CUA,Closed - Approved,"317 CORTLAND AV, SAN FRANCISCO, CA 94110",2006-01-12,2007-11-08,Marc Lindsell Architecture
2007.0461C,2007-10-25,own,2007.0461C,2007.0461C,CUA,Closed - Approved,"438 - 440 BROADWAY, SAN FRANCISCO, CA 94133",2007-05-16,2008-01-24,
2007.0696D,2007-11-08,own,2007.0696D,2007.0696D,DRP,Closed - Withdrawn,"390 CAPISTRANO AV, SAN FRANCISCO, CA 94112",2007-07-06,2007-11-07,
2007.0725C,2008-01-10,own,2007.0725C,2007.0725C,CUA,Closed - Approved,"2200 MISSION ST, SAN FRANCISCO, CA 94110",2007-07-19,2008-01-10,TC Chen & Associates
2010.0799X,2010-12-16,own,2010.0799X,2010.0799X,DNX,Closed - Approved,"340 FREMONT ST, SAN FRANCISCO, CA 94105",2010-09-09,2010-12-16,Reuben and Junius
2011.0294C,2011-07-28,own,2011.0294C,2011.0294C,WLS,Closed - Approved,"199 LELAND AV, SAN FRANCISCO, CA 94134",2011-03-31,2011-10-06,Town Consulting Inc.
