locality,type,county,fips_geoid,regulating_body,minutes_platform,minutes_url,minutes_access,minutes_posted,zoning_host,zoning_url,zoning_access,zoning_structure,height_in_code,in_nzlud,minutes_solution_class,zoning_solution_class,tractability_tier,confidence,notes
Alameda,city,Alameda,0600562,Planning Board,Granicus/Legistar,https://alameda.legistar.com/,clean,yes,Municode,https://library.municode.com/ca/alameda,clean,unknown,unknown,unknown,granicus_family_clean,municode_api,clean,high,Regulating body is the Planning Board (not Planning Commission). Minutes via alameda.legistar.com. Zoning = Municode Ch.30.
Albany,city,Alameda,0600674,Planning & Zoning Commission,PrimeGov,https://albanyca.primegov.com/Portal/Meeting?meetingTemplateId=10328,clean,yes,eCode360,https://ecode360.com/37939277,clean,unknown,unknown,unknown,primegov_portal,ecode360_clean,needs_adapter,med,PrimeGov portal; council video also on Granicus. Zoning eCode360 Ch.20.
Berkeley,city,Alameda,0606000,Planning Commission,custom CMS,https://berkeleyca.gov/your-government/public-records/berkeley-municipal-code,unknown,yes,public.law,https://berkeley.municipal.codes/BMC/23,clean,unknown,unknown,unknown,custom_cms,publiclaw_clean,needs_adapter,med,REVIEW: minutes = custom CMS PDFs + Laserfiche Records Online; Granicus council video only. to_verify actual PC minutes index. Zoning public.law Title 23.
Dublin,city,Alameda,0620018,Planning Commission,CivicPlus,https://www.dublin.ca.gov/1604/Meetings-Agendas-Minutes-Video-on-Demand,clean,yes,CodePublishing,https://www.codepublishing.com/CA/Dublin/,clean,unknown,unknown,unknown,civicplus_clean,codepublishing_clean,needs_adapter,med,CivicPlus site; agenda PDFs via Granicus S3; Laserfiche WebLink doc repo. to_verify CivicPlus Akamai. Zoning CodePublishing Title 8. [Akamai sweep 2026-06-08: clean 200]
Emeryville,city,Alameda,0622594,Planning Commission,Granicus/Legistar,https://emeryville.legistar.com/DepartmentDetail.aspx?ID=33956,clean,yes,eCode360,https://ecode360.com/EM4426,clean,unknown,unknown,unknown,granicus_family_clean,ecode360_clean,clean,high,Legistar minutes. Zoning eCode360 Title 9.
Fremont,city,Alameda,0626000,Planning Commission,CivicPlus,https://www.fremont.gov/government/agenda-center,akamai_403,unknown,CodePublishing,https://www.codepublishing.com/CA/Fremont/,clean,unknown,unknown,yes,civicplus_akamai,codepublishing_clean,access_blocked,high,PILOT: CivicPlus AgendaCenter behind Akamai 403. Zoning CodePublishing Title 18. in_nzlud=yes (pilot). [Akamai sweep 2026-06-08: akamai_403 confirmed]
Hayward,city,Alameda,0633000,Planning Commission,Granicus/Legistar,https://hayward.legistar.com/Calendar.aspx,clean,yes,Municode,https://library.municode.com/ca/hayward/codes/municipal_code,clean,unknown,unknown,unknown,granicus_family_clean,municode_api,clean,high,Legistar minutes. Zoning Municode Ch.10.
Livermore,city,Alameda,0641992,Planning Commission,Granicus/Legistar,https://www.livermoreca.gov/departments/city-clerk/city-council-meeting-calendar-agendas,clean,yes,CodePublishing,https://www.codepublishing.com/CA/Livermore/,clean,unknown,unknown,unknown,granicus_family_clean,codepublishing_clean,clean,med,Granicus GovAccess CMS; PDFs via Granicus S3. Zoning CodePublishing Development Code (form-based).
Newark,city,Alameda,0650916,Planning Commission,unknown,https://www.newarkca.gov/departments/city-manager-s-office/meetings-agendas-minutes,unknown,yes,Municode,https://library.municode.com/ca/newark,clean,unknown,unknown,unknown,unknown,municode_api,unknown,low,to_verify: 'AgendaQuick' (Destiny Hosted) referenced; platform unknown. Zoning Municode Title 17.
Oakland,city,Alameda,0653000,Planning Commission,Granicus/Legistar,https://oakland.legistar.com/,clean,yes,Municode,https://library.municode.com/ca/oakland/codes/planning_code,clean,unknown,unknown,no,granicus_family_clean,municode_api,clean,high,PILOT: Legistar+Granicus; historical depth to_verify. Zoning Municode Planning Code Title 17. in_nzlud=no (pilot).
Piedmont,city,Alameda,0656938,Planning Commission,custom CMS,https://piedmont.ca.gov/government/commissions___committees/planning_commission/minutes_archive,clean,yes,city site,https://piedmont.ca.gov/services___departments/planning___building/about_planning_/zoning_ordinance,clean,unknown,unknown,unknown,custom_cms,city_site,needs_adapter,med,CivicLive CMS PDFs; Granicus AgendaViewer for video. Zoning Ch.17 as PDF on city site.
Pleasanton,city,Alameda,0657792,Planning Commission,CivicClerk,https://pleasantonca.portal.civicclerk.com/,js_shell,yes,eCode360,https://ecode360.com/43033789,clean,unknown,unknown,unknown,civicclerk_modern_api,ecode360_clean,needs_adapter,high,CivicClerk portal. Zoning Title 18 on eCode360 (QCode mirror). minutes_access js_shell (modern API).
San Leandro,city,Alameda,0668084,Planning Commission and Board of Zoning Adjustments,Granicus/Legistar,https://sanleandro.legistar.com/,clean,yes,eCode360,https://ecode360.com/44550340,clean,unknown,unknown,unknown,granicus_family_clean,ecode360_clean,clean,high,'Meeting Central' = Legistar backend + Granicus video. Zoning eCode360.
Union City,city,Alameda,0681204,Planning Commission,NovusAgenda,https://unioncity.novusagenda.com/agendapublic/,unknown,yes,eCode360,https://ecode360.com/UN5025,clean,unknown,unknown,unknown,novusagenda_portal,ecode360_clean,needs_adapter,med,NovusAgenda historic; to_verify migration to 'OneMeeting' Sept 2025 + CivicPlus AgendaCenter. Zoning eCode360 Title 18.
Alameda County,county,Alameda,06001,Alameda County Planning Commission (Board of Supervisors adopts),custom CMS,https://www.acgov.org/cda/planning/agendas.htm,unknown,yes,Municode,https://library.municode.com/ca/alameda_county/codes/code_of_ordinances?nodeId=TIT17ZO,clean,per_district_sections,unknown,unknown,custom_cms,municode_api,needs_adapter,med,County CDA Planning; minutes on custom acgov.org app. Zoning Municode Title 17 (per-district).
Antioch,city,Contra Costa,0602252,Planning Commission,CivicPlus,https://www.antiochca.gov/government/agendas-and-minutes/,unknown,yes,American Legal,https://codelibrary.amlegal.com/codes/antioch/latest/overview,unknown,per_district_sections,unknown,unknown,civicplus_clean,amlegal_or_ecode_403,needs_adapter,med,"CivicEngage AgendaCenter + direct PDFs. to_verify CivicPlus Akamai; amlegal 403. Zoning Title 9 on American Legal. [Akamai sweep 2026-06-08: stale URL 404 (Cloudflare, not Akamai); to_verify correct agenda URL]"
Brentwood,city,Contra Costa,0608142,Planning Commission,eScribe,https://pub-brentwood.escribemeetings.com/,clean,yes,eCode360,https://ecode360.com/BR3611,clean,per_district_sections,unknown,unknown,escribe_portal,ecode360_clean,needs_adapter,med,eScribe current; legacy IQM2 (now Granicus) for historical. Zoning eCode360; to_verify client slug.
Clayton,city,Contra Costa,0613882,Planning Commission,custom CMS,https://claytonca.gov/government/commissions-and-committees/,clean,yes,Municode,https://library.municode.com/ca/clayton/codes/municipal_code?nodeId=TIT17ZO,clean,per_district_sections,unknown,unknown,custom_cms,municode_api,needs_adapter,med,Bare PDFs under claytonca.gov/fc/agendas/planning/ (no platform). Zoning Municode Title 17.
Concord,city,Contra Costa,0616000,Planning Commission,Hyland OnBase,https://stream.ci.concord.ca.us/OnBaseAgendaOnline/,js_shell,yes,CodePublishing,https://www.codepublishing.com/CA/Concord/,clean,per_district_sections,unknown,unknown,onbase_portal,codepublishing_clean,needs_adapter,med,Hyland OnBase AgendaOnline; also a CivicEngage AgendaCenter. to_verify which holds PC minutes. Zoning CodePublishing Title 18.
Danville,town,Contra Costa,0617988,Planning Commission,Granicus/Legistar,https://danville-ca.granicus.com/ViewPublisher.php?view_id=9,clean,yes,American Legal,https://codelibrary.amlegal.com/codes/danvilleca/latest/overview,unknown,per_district_sections,unknown,unknown,granicus_family_clean,amlegal_or_ecode_403,needs_adapter,med,Granicus + CivicEngage site. Zoning American Legal; to_verify amlegal 403.
El Cerrito,city,Contra Costa,0621796,Planning Commission,CivicClerk,https://elcerritoca.portal.civicclerk.com/,js_shell,yes,Municode,https://library.municode.com/ca/el_cerrito,clean,per_district_sections,unknown,unknown,civicclerk_modern_api,municode_api,needs_adapter,high,Migrated to CivicClerk; legacy CivicPlus Archive Center for older. Zoning Municode Title 19.
Hercules,city,Contra Costa,0633308,Planning Commission,Granicus/Legistar,https://hercules.legistar.com/,clean,yes,CodePublishing,https://www.codepublishing.com/CA/Hercules/,clean,per_district_sections,unknown,unknown,granicus_family_clean,codepublishing_clean,clean,high,Legistar + Granicus video. Zoning CodePublishing Title 13.
Lafayette,city,Contra Costa,0639122,Planning Commission,Granicus/Legistar,https://lafayette.granicus.com/ViewPublisher.php?view_id=19,clean,yes,Municode,https://library.municode.com/ca/lafayette,clean,per_district_sections,unknown,unknown,granicus_family_clean,municode_api,clean,high,Granicus AgendaViewer + YouTube. Zoning Municode. to_verify audio-vs-written minutes for some meetings.
Martinez,city,Contra Costa,0646114,Planning Commission,Granicus/Legistar,https://martinez.granicus.com/ViewPublisher.php?view_id=2,clean,yes,Municode,https://library.municode.com/ca/martinez,clean,per_district_sections,unknown,unknown,granicus_family_clean,municode_api,clean,high,Granicus agendas/action minutes/video. Zoning Municode Title 22.
Moraga,town,Contra Costa,0649187,Planning Commission,CivicPlus,https://www.moraga.ca.us/AgendaCenter,clean,yes,Municode,https://library.municode.com/ca/moraga/codes/municipal_code?nodeId=MOCA_TIT8PLZO,clean,per_district_sections,unknown,unknown,civicplus_clean,municode_api,needs_adapter,med,CivicEngage AgendaCenter. to_verify CivicPlus Akamai. Zoning Municode Title 8. [Akamai sweep 2026-06-08: clean 200]
Oakley,city,Contra Costa,0653070,Planning Commission,CivicPlus,https://www.oakleyca.gov/agendacenter,clean,yes,CodePublishing,https://www.codepublishing.com/CA/Oakley/,clean,per_district_sections,unknown,unknown,civicplus_clean,codepublishing_clean,needs_adapter,med,CivicEngage AgendaCenter; PDFs via CivicClerk CDN. to_verify CivicClerk vs CivicPlus. Zoning CodePublishing Ch.9.1. [Akamai sweep 2026-06-08: clean 200]
Orinda,city,Contra Costa,0654232,Planning Commission,CivicPlus,https://www.cityoforinda.gov/AgendaCenter,clean,yes,Municode,https://library.municode.com/ca/orinda,clean,per_district_sections,unknown,unknown,civicplus_clean,municode_api,needs_adapter,med,CivicEngage AgendaCenter + DocumentCenter (PC archive 2010-present). to_verify Akamai. Zoning Municode Title 17. [Akamai sweep 2026-06-08: clean 200]
Pinole,city,Contra Costa,0657288,Planning Commission,CivicClerk,https://pinoleca.portal.civicclerk.com/,js_shell,yes,American Legal,https://codelibrary.amlegal.com/codes/pinole/latest/overview,unknown,consolidated_matrix,yes,unknown,civicclerk_modern_api,amlegal_or_ecode_403,needs_adapter,med,CivicClerk + Granicus video + WordPress. Zoning Title 17 amlegal; consolidated dev-standards matrix (Table 17.24.020-1). to_verify amlegal 403.
Pittsburg,city,Contra Costa,0657456,Planning Commission,Granicus/Legistar,https://pittsburg.granicus.com/ViewPublisher.php?view_id=2,clean,yes,CodePublishing,https://www.codepublishing.com/CA/Pittsburg/,clean,per_district_sections,unknown,unknown,granicus_family_clean,codepublishing_clean,clean,high,Granicus + city site. Zoning CodePublishing Title 18.
Pleasant Hill,city,Contra Costa,0657764,Planning Commission,CivicPlus,https://www.phillca.gov/277/Agendas,clean,yes,eCode360,https://ecode360.com/49383408,clean,per_district_sections,unknown,unknown,civicplus_clean,ecode360_clean,needs_adapter,med,CivicPlus Archive Center + Granicus older/video. Zoning eCode360 Title 18. to_verify Akamai. [Akamai sweep 2026-06-08: clean 200]
Richmond,city,Contra Costa,0660620,Planning Commission,Granicus/Legistar,https://richmond.granicus.com/ViewPublisher.php?view_id=3,clean,yes,Municode,https://library.municode.com/ca/richmond,clean,per_district_sections,unknown,no,granicus_family_clean,municode_api,clean,high,PILOT REVIEW resolved: PC minutes in BOTH Granicus (view_id=3) and CivicPlus Archive Center (AMID=78 minutes). Zoning Municode Art.XV. in_nzlud=no (pilot).
San Pablo,city,Contra Costa,0668294,Planning Commission,CivicPlus,https://www.sanpabloca.gov/1400/City-CouncilLSA-Planning-Comm-AgendasMin,clean,yes,CodePublishing,https://www.codepublishing.com/CA/SanPablo/,clean,per_district_sections,unknown,unknown,civicplus_clean,codepublishing_clean,needs_adapter,med,CivicPlus Archive bundles Council/LSA/PC; a sanpablo.legistar.com also exists. to_verify authoritative source. Zoning CodePublishing Title 17. [Akamai sweep 2026-06-08: clean 200]
San Ramon,city,Contra Costa,0668378,Planning Commission,Granicus/Legistar,https://sanramonca.iqm2.com/Citizens/Board/1015-Planning-Commission,clean,yes,EncodePlus,https://online.encodeplus.com/regs/sanramon-ca/,unknown,per_district_sections,unknown,unknown,granicus_family_clean,encodeplus,needs_adapter,med,Minutes on IQM2 (Granicus-owned). Zoning on EncodePlus (Title D); Municode mirror exists. to_verify authoritative zoning host.
Walnut Creek,city,Contra Costa,0683346,Planning Commission,Granicus/Legistar,https://walnutcreek.granicus.com/ViewPublisher.php?view_id=2,clean,yes,CodePublishing,https://www.codepublishing.com/CA/WalnutCreek/,clean,per_district_sections,unknown,unknown,granicus_family_clean,codepublishing_clean,clean,high,Granicus (PC view_id=12) + city site. Zoning CodePublishing Title 10. to_verify eCode360-vs-CodePublishing.
Contra Costa County,county,Contra Costa,06013,County Planning Commission,Granicus/Legistar,https://contra-costa.legistar.com/,clean,yes,Municode,https://library.municode.com/ca/contra_costa_county/codes/ordinance_code,clean,per_district_sections,unknown,unknown,granicus_family_clean,municode_api,clean,high,County PC on Legistar + Granicus (view_id=14) + CivicEngage mirror. Zoning Title 8 Municode.
Belvedere,city,Marin,0605164,City Council,custom CMS,https://www.cityofbelvedere.org/public-meetings-archive/,clean,yes,public.law,https://belvedere.municipal.codes/Code/19,clean,unknown,unknown,unknown,custom_cms,publiclaw_clean,needs_adapter,low,"ProudCity CMS (PDFs on googleapis) + legacy CivicPlus AgendaCenter still resolves; migrating, to_verify. Zoning public.law Title 19. REVIEW regulating_body (PC vs Council)."
Corte Madera,town,Marin,0616462,Planning Commission,CivicPlus,https://www.cortemadera.gov/AgendaCenter,clean,yes,Municode,https://library.municode.com/ca/corte_madera,clean,unknown,unknown,unknown,civicplus_clean,municode_api,needs_adapter,med,CivicPlus/CivicEngage AgendaCenter/DocumentCenter. Zoning Municode Title 18. to_verify Akamai. [Akamai sweep 2026-06-08: clean 200]
Fairfax,town,Marin,0623168,Planning Commission,unknown,https://townoffairfaxca.gov/town-code/,unknown,unknown,American Legal,https://codelibrary.amlegal.com/codes/fairfax/latest/overview,akamai_403,unknown,unknown,unknown,unknown,amlegal_or_ecode_403,needs_adapter,med,"Zoning Title 17 amlegal (commonly gated). REVIEW: minutes page/platform not confirmed (WordPress/custom), to_verify."
Larkspur,city,Marin,0640438,Planning Commission,CivicPlus,https://www.ci.larkspur.ca.us/288/Agendas-and-Minutes,clean,yes,Municode,https://library.municode.com/ca/larkspur,clean,unknown,unknown,unknown,civicplus_clean,municode_api,needs_adapter,med,"CivicPlus (Archive.aspx?AMID=49, DocumentCenter). Zoning Municode. to_verify Akamai. [Akamai sweep 2026-06-08: clean 200]"
Mill Valley,city,Marin,0647710,Planning Commission,Granicus/Legistar,https://cityofmillvalley.granicus.com,clean,yes,eCode360,https://ecode360.com/MI4968,clean,unknown,unknown,unknown,granicus_family_clean,ecode360_clean,clean,high,Granicus AgendaViewer. Zoning eCode360 Title 20. to_verify view_id.
Novato,city,Marin,0652582,Planning Commission,custom CMS,https://www.novato.gov/government/city-council/agendas-minutes-videos,clean,yes,Municode,https://library.municode.com/ca/novato,clean,unknown,unknown,unknown,custom_cms,municode_api,needs_adapter,med,Modern clean-slug CMS + separate PC archive; backend (Granicus embed vs custom) to_verify. Zoning Municode.
Ross,town,Marin,0662980,Planning Commission,custom CMS,https://www.townofrossca.gov/meetings,clean,yes,city site,https://www.townofrossca.gov/administration/page/municipal-code,clean,unknown,unknown,unknown,custom_cms,city_site,needs_adapter,med,Custom CMS. Zoning Title 18 self-hosted as town pages (not Municode/amlegal). Minutes + staff reports on /meetings.
San Anselmo,town,Marin,0664434,Planning Commission,CivicPlus,https://www.townofsananselmo.org,clean,yes,Municode,https://library.municode.com/ca/san_anselmo,clean,unknown,unknown,unknown,civicplus_clean,municode_api,needs_adapter,med,CivicPlus signatures. Zoning Municode Title 10. to_verify exact agendas/minutes URL + Akamai. [Akamai sweep 2026-06-08: clean 200]
San Rafael,city,Marin,0668364,Planning Commission,unknown,https://www.cityofsanrafael.org/city-council-meetings/,unknown,yes,Municode,https://library.municode.com/ca/san_rafael,clean,unknown,unknown,unknown,unknown,municode_api,needs_adapter,med,Zoning Municode Title 14. Meeting platform (Granicus embed vs other) to_verify.
Sausalito,city,Marin,0670364,Planning Commission,Granicus/Legistar,https://www.sausalito.gov/city-government/city-council/meetings-and-agendas,clean,yes,eCode360,https://ecode360.com/SA4880,clean,unknown,unknown,unknown,granicus_family_clean,ecode360_clean,clean,high,sausalito.granicus.com (archives 2011-present). Zoning eCode360; to_verify eCode360-vs-CodePublishing.
Tiburon,town,Marin,0678666,Planning Commission,Granicus/Legistar,https://www.townoftiburon.org/283/Agendas-Minutes-Staff-Reports,clean,yes,Municode,https://library.municode.com/ca/tiburon,clean,unknown,unknown,unknown,granicus_family_clean,municode_api,clean,high,CivicPlus numeric pages but document viewers are townoftiburon.granicus.com. Zoning Municode Ch.16.
Marin County,county,Marin,06041,Board of Supervisors / Planning Commission,Granicus/Legistar,https://www.marincounty.gov/departments/board/board-supervisors-meetings,clean,yes,Municode,https://library.municode.com/ca/marin_county/codes/municipal_code,clean,unknown,unknown,unknown,granicus_family_clean,municode_api,clean,high,Large unincorporated pop. BoS via marin.granicus.com. Zoning = Marin County Development Code Title 22 on Municode. to_verify which body for specific actions.
American Canyon,city,Napa,0601640,Planning Commission,CivicWeb,https://cityofamericancanyon.civicweb.net/Portal/MeetingInformation.aspx,clean,yes,American Legal,https://law.cityofamericancanyon.org/us/ca/cities/american-canyon/code,clean,per_district_sections,unknown,unknown,civicweb_portal,amlegal_or_ecode_403,needs_adapter,med,Granicus CivicWeb/iCompass portal + Granicus CDN PDFs. Zoning Title 19 on branded amlegal 'Law Library'. to_verify host = amlegal vs public.law.
Calistoga,city,Napa,0609892,Planning Commission,CivicWeb,https://www.ci.calistoga.ca.us/city-hall/city-council/agendas-minutes,clean,yes,CodePublishing,https://www.codepublishing.com/CA/Calistoga/,clean,per_district_sections,unknown,unknown,civicweb_portal,codepublishing_clean,needs_adapter,med,Granicus CivicWeb portal; CivicEngage main site; YouTube video. Zoning CodePublishing Title 17; ecode360 mirror. REVIEW host.
Napa,city,Napa,0650258,Planning Commission,Granicus/Legistar,https://napacity.legistar.com/Calendar.aspx,clean,yes,QCode,https://qcode.us/codes/napa/,clean,per_district_sections,unknown,unknown,granicus_family_clean,qcode_clean,clean,high,Legistar minutes+video; CivicEngage AgendaCenter secondary. Zoning QCode Title 18.
St. Helena,city,Napa,0664140,Planning Commission,CivicPlus,https://www.cityofsthelena.gov/agendacenter,clean,yes,public.law,https://sthelena.municipal.codes/,clean,per_district_sections,unknown,unknown,civicplus_clean,publiclaw_clean,needs_adapter,med,CivicEngage AgendaCenter; sthelena.civicweb.net front also. New objective zoning Oct 2023. Zoning on municipal.codes (public.law family). to_verify Akamai. [Akamai sweep 2026-06-08: clean 200]
Yountville,town,Napa,0686930,Planning Commission,CivicPlus,https://www.townofyountville.com/495/Agendas-and-Minutes,clean,yes,eCode360,https://ecode360.com/YO5040,clean,per_district_sections,unknown,unknown,civicplus_clean,ecode360_clean,needs_adapter,high,CivicEngage. Zoning eCode360 (14 districts). to_verify Akamai. [Akamai sweep 2026-06-08: clean 200]
Napa County,county,Napa,06055,Board of Supervisors / Planning Commission,Granicus/Legistar,https://napa.legistar.com/Calendar.aspx,clean,yes,Municode,https://library.municode.com/ca/napa_county/codes/code_of_ordinances?nodeId=TIT18ZO,clean,per_district_sections,unknown,unknown,granicus_family_clean,municode_api,clean,high,Unincorporated (Ag/vineyards). Legistar; legacy 'AgendaNet' for older PDFs. Zoning Municode Title 18.
San Francisco,city,San Francisco,0667000,Planning Commission,custom CMS (SF Planning),https://sfplanning.org/cpc-hearing-archives,clean,yes,American Legal,https://codelibrary.amlegal.com/codes/san_francisco/latest/sf_planning/,unknown,per_district_sections,unknown,unknown,reference_done,reference_done,clean,high,REFERENCE ROW — SF pipeline already built (scrape→parse→label). Consolidated city-county (place GEOID 0667000). Not re-surveyed.
Atherton,town,San Mateo,0603092,Planning Commission,CivicPlus,https://www.athertonca.gov/641/Agendas-Minutes,clean,yes,public.law,https://atherton.municipal.codes/Code/17,clean,unknown,unknown,unknown,civicplus_clean,publiclaw_clean,needs_adapter,med,CivicPlus DocumentCenter/calendar. to_verify Akamai. Zoning Title 17 on atherton.municipal.codes (public.law family). [Akamai sweep 2026-06-08: clean 200]
Belmont,city,San Mateo,0605108,Planning Commission,Granicus/Legistar,https://belmont-ca.granicus.com/ViewPublisher.php?view_id=1,clean,yes,Municode,https://library.municode.com/ca/belmont/codes/code_of_ordinances,clean,unknown,unknown,unknown,granicus_family_clean,municode_api,clean,high,Granicus MetaViewer minutes. Zoning Municode.
Brisbane,city,San Mateo,0608310,Planning Commission,Municode Meetings,https://www.brisbaneca.org/meetings,js_shell,yes,Municode,https://library.municode.com/ca/brisbane,clean,unknown,unknown,unknown,municode_meetings_portal,municode_api,needs_adapter,med,REVIEW: minutes via Municode Meetings portal (meetings.municode.com adaHtmlDocument); packets on blob storage. Zoning Municode.
Burlingame,city,San Mateo,0609066,Planning Commission,Granicus/Legistar,https://burlingameca.legistar.com/Calendar.aspx,clean,yes,unknown,,unknown,unknown,unknown,yes,granicus_family_clean,unknown,needs_adapter,med,PILOT: clean Granicus MinutesViewer (burlingameca.legistar/granicus). Zoning host to_verify. in_nzlud=yes (pilot).
Colma,town,San Mateo,0614736,Planning Commission (to_verify),custom CMS,https://www.colma.ca.gov/departments/planning/,unknown,unknown,city site,https://www.colma.ca.gov/municipal-code/,unknown,unknown,unknown,unknown,custom_cms,city_site,unknown,low,Very small town. Custom CMS. PC cadence + minutes location to_verify (may be agendas-only/physical). Zoning Ch.5.03 on city site.
Daly City,city,San Mateo,0617918,Planning Commission,CivicClerk,https://dalycityca.portal.civicclerk.com,js_shell,sparse,unknown,,unknown,unknown,unknown,no,civicclerk_modern_api,unknown,needs_adapter,high,PILOT: CivicClerk modern API; minutes sparse (1/12 in API). Zoning host to_verify. in_nzlud=no (pilot).
East Palo Alto,city,San Mateo,0620956,Planning Commission,Granicus/Legistar,https://cityofepa.granicus.com,clean,yes,Municode,https://library.municode.com/ca/east_palo_alto/codes/code_of_ordinances,clean,unknown,unknown,unknown,granicus_family_clean,municode_api,needs_adapter,med,Granicus video/agenda. Zoning 'Development Code' recodified 2025 on Municode. to_verify view_id.
Foster City,city,San Mateo,0625338,Planning Commission,CivicClerk,https://fostercityca.civicclerk.com/web/site.aspx/,js_shell,yes,CodePublishing,https://www.codepublishing.com/CA/FosterCity/,clean,unknown,unknown,unknown,civicclerk_modern_api,codepublishing_clean,needs_adapter,med,REVIEW: BOTH CivicClerk AND fostercity.primegov.com surfaced — verify which is live (leaning CivicClerk). Zoning CodePublishing.
Half Moon Bay,city,San Mateo,0631708,Planning Commission,CivicPlus,https://www.halfmoonbay.gov/AgendaCenter,clean,yes,CodePublishing,https://www.codepublishing.com/CA/HalfMoonBay/,clean,unknown,unknown,unknown,civicplus_clean,codepublishing_clean,needs_adapter,med,CivicEngage AgendaCenter. Zoning CodePublishing. to_verify Akamai. [Akamai sweep 2026-06-08: clean 200]
Hillsborough,town,San Mateo,0633798,Planning Commission,CivicPlus,https://www.hillsborough.net/AgendaCenter,clean,yes,Municode,https://library.municode.com/ca/hillsborough/codes/code_of_ordinances,clean,unknown,unknown,unknown,civicplus_clean,municode_api,needs_adapter,med,CivicPlus AgendaCenter; also Architecture & Design Review Board. Zoning Municode. to_verify Akamai. [Akamai sweep 2026-06-08: clean 200]
Menlo Park,city,San Mateo,0646870,Planning Commission,Granicus/Legistar,https://menlopark.granicus.com/ViewPublisher.php?view_id=6,clean,yes,CodePublishing,https://www.codepublishing.com/CA/MenloPark/,clean,unknown,unknown,unknown,granicus_family_clean,codepublishing_clean,needs_adapter,med,REVIEW: current minutes on new custom menlopark.gov; Granicus (view_id=6)=archive; legacy CivicPlus. Zoning Title 16 on CodePublishing + eCode360; to_verify primary.
Millbrae,city,San Mateo,0647486,Planning Commission,CivicPlus,https://www.ci.millbrae.ca.us/AgendaCenter/Planning-Commission-8/,clean,yes,CodePublishing,https://www.codepublishing.com/CA/Millbrae/,clean,unknown,unknown,unknown,civicplus_clean,codepublishing_clean,needs_adapter,med,CivicPlus AgendaCenter. Zoning CodePublishing. to_verify Akamai. [Akamai sweep 2026-06-08: clean 200]
Pacifica,city,San Mateo,0654806,Planning Commission,Granicus/Legistar,https://pacificacityca.iqm2.com/Citizens/Default.aspx,js_shell,yes,Municode,https://library.municode.com/ca/pacifica,clean,unknown,unknown,unknown,granicus_family_clean,municode_api,needs_adapter,med,IQM2 (Granicus) Citizens portal. Zoning Municode. to_verify IQM2 access.
Portola Valley,town,San Mateo,0658380,Planning Commission,CivicPlus,https://www.portolavalley.net/town-government/planning-commission/minutes-and-agendas,akamai_403,yes,Municode,https://library.municode.com/ca/portola_valley,clean,unknown,unknown,unknown,civicplus_akamai,municode_api,access_blocked,med,"CivicEngage Central (not classic AgendaCenter) — scrape path differs, to_verify. Zoning Municode Title 18. [Akamai sweep 2026-06-08: akamai_403 confirmed]"
Redwood City,city,San Mateo,0660102,Planning Commission,Hyland OnBase,https://meetings.redwoodcity.org/AgendaOnline,unsupported_platform,yes,unknown,,unknown,unknown,unknown,yes,onbase_portal,unknown,needs_adapter,high,PILOT: Hyland OnBase AgendaOnline; unsupported by civic-scraper. Zoning host to_verify. in_nzlud=yes (pilot).
San Bruno,city,San Mateo,0665028,Planning Commission,CivicPlus,https://www.sanbruno.ca.gov/AgendaCenter/Planning-Commission-8,clean,yes,unknown,,unknown,unknown,unknown,unknown,civicplus_clean,unknown,needs_adapter,med,PILOT: CivicPlus AgendaCenter. Zoning host + Akamai to_verify. [Akamai sweep 2026-06-08: clean 200]
San Carlos,city,San Mateo,0665070,Planning and Transportation Commission,PrimeGov,https://cityofsancarlos.primegov.com,js_shell,yes,CodePublishing,https://www.codepublishing.com/CA/SanCarlos/,clean,unknown,unknown,unknown,primegov_portal,codepublishing_clean,needs_adapter,med,PrimeGov current; sancarlosca.iqm2.com archive (pre-2022). Body = Planning and Transportation Commission. Zoning CodePublishing.
San Mateo,city,San Mateo,0668252,Planning Commission,PrimeGov,https://www.cityofsanmateo.org/3971,js_shell,unknown,public.law,https://law.cityofsanmateo.org/us/ca/cities/san-mateo/code/27,clean,unknown,deferred_to_GP_map,unknown,primegov_portal,publiclaw_clean,needs_adapter,med,"PILOT REVIEW: 'Public Meeting Portal' is CivicPlus-wrapped with PrimeGov signatures — vendor ambiguous, to_verify. Zoning Title 27 on public.law. height deferred to GP map."
South San Francisco,city,San Mateo,0673262,Planning Commission,eScribe,https://bm-public-ssf.escribemeetings.com,unsupported_platform,yes,unknown,,unknown,unknown,unknown,no,escribe_portal,unknown,needs_adapter,high,PILOT: eScribe Board Manager for minutes; + Legistar + Granicus video. Unsupported by civic-scraper. Zoning host to_verify. in_nzlud=no (pilot).
Woodside,town,San Mateo,0686440,Planning Commission,CivicPlus,https://www.woodsideca.gov/AgendaCenter/Planning-Commission-11,clean,yes,Municode,https://library.municode.com/ca/woodside,clean,unknown,unknown,unknown,civicplus_clean,municode_api,needs_adapter,med,CivicPlus AgendaCenter; approved minutes posted. Zoning Municode. to_verify Akamai. [Akamai sweep 2026-06-08: clean 200]
San Mateo County,county,San Mateo,06081,Planning Commission,Granicus/Legistar,https://sanmateocounty.legistar.com,clean,yes,Municode,https://library.municode.com/ca/san_mateo_county,clean,unknown,unknown,unknown,granicus_family_clean,municode_api,clean,high,County PC (unincorporated only). Legistar + hearing archive on smcgov.org (to 2013). Zoning Municode. to_verify Akamai on smcgov.
Campbell,city,Santa Clara,0610345,Planning Commission,CivicPlus,https://www.campbellca.gov/AgendaCenter/Planning-Commission-6,clean,yes,Municode,https://library.municode.com/ca/campbell/codes/code_of_ordinances?nodeId=TIT21ZO,clean,unknown,unknown,unknown,civicplus_clean,municode_api,needs_adapter,med,CivicEngage AgendaCenter (ViewFile minutes). Zoning Title 21. to_verify Akamai (DocumentCenter). [Akamai sweep 2026-06-08: clean 200]
Cupertino,city,Santa Clara,0617610,Planning Commission,Granicus/Legistar,https://cupertino.legistar.com/,clean,yes,American Legal,https://library.amlegal.com/nxt/gateway.dll/California/cupertino/title19zoning,unknown,unknown,unknown,unknown,granicus_family_clean,amlegal_or_ecode_403,needs_adapter,med,Legistar + Granicus video. Zoning Title 19 American Legal. to_verify amlegal 403; minutes file presence.
Gilroy,city,Santa Clara,0629504,Planning Commission,CivicClerk,https://gilroyca.portal.civicclerk.com/,js_shell,yes,CodePublishing,https://www.codepublishing.com/CA/Gilroy/,clean,unknown,unknown,unknown,civicclerk_modern_api,codepublishing_clean,needs_adapter,med,CivicClerk; legacy Laserfiche WebLink for pre-2022. Zoning CodePublishing Ch.30. REVIEW older archive.
Los Altos,city,Santa Clara,0643280,Planning Commission,CivicClerk,https://losaltosca.portal.civicclerk.com/,js_shell,yes,Municode,https://library.municode.com/ca/los_altos/codes/code_of_ordinances?nodeId=TIT14ZO,clean,unknown,unknown,unknown,civicclerk_modern_api,municode_api,needs_adapter,med,CivicClerk. Zoning Municode Title 14. Distinct from Los Altos Hills.
Los Altos Hills,town,Santa Clara,0643294,Planning Commission,CivicPlus,https://www.losaltoshills.ca.gov/AgendaCenter,clean,yes,eCode360,https://ecode360.com/LO4964,clean,unknown,unknown,unknown,civicplus_clean,ecode360_clean,needs_adapter,med,Town. CivicEngage AgendaCenter. Zoning eCode360. to_verify Akamai (DocumentCenter). [Akamai sweep 2026-06-08: clean 200]
Los Gatos,town,Santa Clara,0644112,Planning Commission,Municode Meetings,https://losgatos-ca.municodemeetings.com/,js_shell,yes,Municode,https://library.municode.com/ca/los_gatos/codes/code_of_ordinances?nodeId=CO_CH29ZORE,clean,unknown,unknown,unknown,municode_meetings_portal,municode_api,needs_adapter,med,"Town. Minutes on Municode Meetings (adaHtmlDocument), NOT CivicClerk. Zoning Municode Ch.29. REVIEW solution class."
Milpitas,city,Santa Clara,0647766,Planning Commission,CivicClerk,https://milpitasca.portal.civicclerk.com/,js_shell,yes,Municode,https://library.municode.com/ca/milpitas/codes/code_of_ordinances?nodeId=TITXIZOPLAN_CH10ZO,clean,unknown,unknown,unknown,civicclerk_modern_api,municode_api,needs_adapter,med,CivicClerk; some minutes on milpitas.gov DocumentCenter (to_verify Akamai). Zoning Title XI Ch.10 (update underway).
Monte Sereno,city,Santa Clara,0648956,Planning Commission (to_verify),CivicPlus,https://www.montesereno.org/AgendaCenter,clean,yes,Municode,https://library.municode.com/ca/monte_sereno/codes/code_of_ordinances?nodeId=MUCO_TIT10PLZO,clean,unknown,unknown,unknown,civicplus_clean,municode_api,needs_adapter,low,Very small. REVIEW regulating_body: 'Site and Architectural Commission' does design/land-use; separate PC to_verify. CivicPlus + CivicWeb portal. Zoning Municode Title 10. [Akamai sweep 2026-06-08: clean 200]
Morgan Hill,city,Santa Clara,0649278,Planning Commission,CivicClerk,https://morganhillca.portal.civicclerk.com/,js_shell,yes,Municode,https://library.municode.com/ca/morgan_hill/codes/code_of_ordinances?nodeId=TIT18ZO,clean,unknown,unknown,unknown,civicclerk_modern_api,municode_api,needs_adapter,med,CivicClerk. Zoning Municode Title 18.
Mountain View,city,Santa Clara,0649670,Environmental Planning Commission (EPC),Granicus/Legistar,https://mountainview.legistar.com/,clean,yes,Municode,https://library.municode.com/ca/mountain_view/codes/code_of_ordinances?nodeId=PTIITHCO_CH36ZO,clean,unknown,unknown,no,granicus_family_clean,municode_api,clean,high,PILOT: body = EPC. Legistar/Granicus. Zoning Municode Ch.36. in_nzlud=no (pilot).
Palo Alto,city,Santa Clara,0655282,Planning & Transportation Commission (PTC),PrimeGov,https://cityofpaloalto.primegov.com/,clean,yes,American Legal,https://codelibrary.amlegal.com/codes/paloalto/latest/paloalto_ca/0-0-0-76269,unknown,unknown,unknown,no,primegov_portal,amlegal_or_ecode_403,needs_adapter,high,PILOT: body = PTC. PrimeGov. Zoning Title 18 American Legal; to_verify amlegal 403. in_nzlud=no (pilot).
San Jose,city,Santa Clara,0668000,Planning Commission,Granicus/Legistar,https://sanjose.legistar.com/,akamai_403,yes,Municode,https://library.municode.com/ca/san_jose/codes/code_of_ordinances,clean,unknown,unknown,yes,granicus_family_akamai,municode_api,access_blocked,high,PILOT: Legistar no minutes file; Granicus MinutesViewer redirects to Akamai DocumentCenter (403). Zoning Title 20 Municode (clean). in_nzlud=yes (pilot).
Santa Clara,city,Santa Clara,0669084,Planning Commission,Granicus/Legistar,https://santaclara.legistar.com/,clean,yes,eCode360,https://ecode360.com/47637827,clean,unknown,unknown,unknown,granicus_family_clean,ecode360_clean,clean,med,City (distinct from county). Legistar/Granicus. Zoning Title 18 migrated to eCode360. to_verify minutes file presence.
Saratoga,city,Santa Clara,0670280,Planning Commission,CivicPlus,https://www.saratoga.ca.us/AgendaCenter/Planning-Commission-6,clean,yes,Municode,https://library.municode.com/ca/saratoga/codes/code_of_ordinances,clean,unknown,unknown,unknown,civicplus_clean,municode_api,needs_adapter,med,CivicPlus AgendaCenter; legacy Granicus video. Zoning Article 15 Municode. to_verify Akamai. [Akamai sweep 2026-06-08: clean 200]
Sunnyvale,city,Santa Clara,0677000,Planning Commission,Granicus/Legistar,https://sunnyvaleca.legistar.com/,clean,yes,QCode,https://library.qcode.us/lib/sunnyvale_ca/pub/municipal_code/item/title_19,clean,unknown,unknown,no,granicus_family_clean,qcode_clean,clean,high,PILOT: Legistar/Granicus. Zoning Title 19 QCode primary (eCode360/Municode mirrors). in_nzlud=no (pilot).
Santa Clara County,county,Santa Clara,06085,Planning Commission,Granicus/Legistar,https://sccgov.iqm2.com/citizens/default.aspx,clean,yes,Municode,https://library.municode.com/ca/santa_clara_county/codes/code_of_ordinances,clean,unknown,unknown,unknown,granicus_family_clean,municode_api,clean,med,County (unincorporated). Minutes on Granicus IQM2/MinuteTraq; REVIEW: portal migrating. Zoning = Appendix I of County Ordinance Code on Municode.
Benicia,city,Solano,0605290,Planning Commission,Granicus/Legistar,https://benicia.granicus.com/ViewPublisher.php?view_id=1,clean,yes,CodePublishing,https://www.codepublishing.com/CA/Benicia/,clean,per_district_sections,unknown,unknown,granicus_family_clean,codepublishing_clean,clean,high,"Granicus; legacy govoffice CMS links out. Zoning CodePublishing Title 17. to_verify view_id, minutes-vs-agenda depth."
Dixon,city,Solano,0619402,Planning Commission,Granicus/Legistar,https://dixon-ca.granicus.com/ViewPublisher.php?view_id=6,clean,yes,CodePublishing,https://www.codepublishing.com/CA/Dixon/,clean,per_district_sections,unknown,unknown,granicus_family_clean,codepublishing_clean,clean,high,Granicus view_id=6; custom CMS links out. Zoning CodePublishing Title 18.
Fairfield,city,Solano,0623182,Planning Commission,Laserfiche,https://eservices.fairfield.ca.gov/WebLink/Browse.aspx?id=82049&dbid=0&repo=SharedDocs,unknown,yes,CodePublishing,https://www.codepublishing.com/CA/Fairfield/,clean,per_district_sections,unknown,unknown,laserfiche_portal,codepublishing_clean,needs_adapter,med,Minutes/ords/resolutions on Laserfiche WebLink (1903-present). to_verify whether council also uses Granicus + WebLink reachability. Zoning CodePublishing Ch.25.
Rio Vista,city,Solano,0660984,Planning Commission,Granicus/Legistar,https://riovista-ca.granicus.com/ViewPublisher.php?view_id=1,clean,yes,eCode360,https://ecode360.com/42831372,clean,per_district_sections,unknown,unknown,granicus_family_clean,ecode360_clean,clean,med,Granicus AgendaViewer; city site embeds links. Zoning eCode360. to_verify view_id + eCode360 root.
Suisun City,city,Solano,0675630,Planning Commission,custom CMS,https://www.suisun.com/Government/City-Council/Agendas,unknown,yes,Municode,https://library.municode.com/ca/suisun_city,clean,per_district_sections,unknown,unknown,custom_cms,municode_api,needs_adapter,med,"Agenda PDFs in sharedassets archive (GovStack-style), no recognized portal. Zoning Municode Title 18. to_verify video portal + access."
Vacaville,city,Solano,0681554,Planning Commission,Granicus/Legistar,https://vacaville.granicus.com/ViewPublisher.php?view_id=2,clean,yes,CodePublishing,https://www.codepublishing.com/CA/Vacaville/,clean,per_district_sections,unknown,unknown,granicus_family_clean,codepublishing_clean,clean,high,Granicus (PC view_id=5). Zoning CodePublishing. to_verify minutes depth.
Vallejo,city,Solano,0681666,Planning Commission,CivicClerk,https://vallejoca.portal.civicclerk.com/,js_shell,yes,Municode,https://library.municode.com/ca/vallejo/codes/municipal_code?nodeId=TIT16ZO,clean,per_district_sections,unknown,unknown,civicclerk_modern_api,municode_api,needs_adapter,high,CivicClerk portal. Zoning Municode Title 16. to_verify API access.
Solano County,county,Solano,06095,Board of Supervisors / Planning Commission,Granicus/Legistar,https://solano.legistar.com/,clean,yes,CodePublishing,https://www.codepublishing.com/CA/SolanoCounty/,clean,per_district_sections,unknown,unknown,granicus_family_clean,codepublishing_clean,clean,high,Unincorporated. BoS on Legistar. Land use via County PC/Zoning Administrator. Zoning CodePublishing. to_verify minutes depth.
Cloverdale,city,Sonoma,0614190,Planning Commission,CivicPlus,https://www.cloverdale.net/AgendaCenter,clean,yes,unknown,,unknown,unknown,unknown,unknown,civicplus_clean,unknown,needs_adapter,med,"CivicPlus AgendaCenter + Archive Center. REVIEW: zoning host not identified (likely Municode/CodePublishing), to_verify. to_verify Akamai. [Akamai sweep 2026-06-08: clean 200]"
Cotati,city,Sonoma,0616560,Planning Commission,CivicPlus,https://www.cotaticity.gov/AgendaCenter,clean,yes,CodePublishing,https://www.codepublishing.com/CA/Cotati/,clean,per_district_sections,yes,unknown,civicplus_clean,codepublishing_clean,needs_adapter,med,CivicPlus AgendaCenter. Zoning Title 17; REVIEW CodePublishing vs eCode360 authoritative. to_verify Akamai. [Akamai sweep 2026-06-08: clean 200]
Healdsburg,city,Sonoma,0633056,Planning Commission,CivicPlus,https://healdsburg.gov/AgendaCenter/Planning-Commission-3,clean,yes,CodePublishing,https://www.codepublishing.com/CA/Healdsburg/,clean,per_district_sections,yes,unknown,civicplus_clean,codepublishing_clean,needs_adapter,med,CivicPlus AgendaCenter (older in Document/Archive Center). Land Use Code Title 20 CodePublishing. to_verify Akamai. [Akamai sweep 2026-06-08: clean 200]
Petaluma,city,Sonoma,0656784,Planning Commission,Granicus/Legistar,https://petaluma.granicus.com/ViewPublisher.php?view_id=15,clean,yes,public.law,https://petaluma.municipal.codes/ZoningOrds,clean,per_district_sections,yes,unknown,granicus_family_clean,publiclaw_clean,clean,high,Granicus PC agendas/minutes/resolutions. Implementing Zoning Ordinance (IZO 2008) on public.law/municipal.codes.
Rohnert Park,city,Sonoma,0662546,Planning Commission,Granicus/Legistar,https://rpcity.granicus.com/ViewPublisher.php?view_id=4,clean,yes,Municode,https://library.municode.com/ca/rohnert_park,clean,per_district_sections,yes,unknown,granicus_family_clean,municode_api,clean,high,Granicus 'Meeting Central'. Zoning Municode Title 17.
Santa Rosa,city,Sonoma,0670098,Planning Commission,Granicus/Legistar,https://santa-rosa.legistar.com/Calendar.aspx,clean,yes,eCode360,https://ecode360.com/42953106,clean,per_district_sections,yes,unknown,granicus_family_clean,ecode360_clean,clean,high,Legistar + Granicus boards portal. Zoning eCode360. to_verify code ID.
Sebastopol,city,Sonoma,0670770,Planning Commission,custom CMS,https://www.cityofsebastopol.gov/your-government/city-meeting-calendar/,clean,yes,public.law,https://sebastopol.municipal.codes/SMC/17,clean,per_district_sections,yes,unknown,custom_cms,publiclaw_clean,needs_adapter,med,Custom Planeteria CMS meeting calendar + YouTube. REVIEW: agenda backend to_verify. Zoning Ch.17 public.law.
Sonoma,city,Sonoma,0672646,Planning Commission,CivicWeb,https://sonomacity.civicweb.net/portal/,clean,yes,public.law,https://sonoma.municipal.codes/,clean,per_district_sections,yes,unknown,civicweb_portal,publiclaw_clean,needs_adapter,med,CivicWeb Portal (iCompass/Granicus-adjacent). Development Code Title 19 on public.law (CodePublishing mirror). City (distinct from county).
Windsor,town,Sonoma,0685922,Planning Commission,CivicPlus,https://www.townofwindsor.ca.gov/67/Planning-Commission,clean,yes,Municode,https://library.municode.com/ca/windsor,clean,per_district_sections,yes,unknown,civicplus_clean,municode_api,needs_adapter,med,CivicPlus town site; REVIEW: Granicus S3 also seen for agenda HTML/video. New Zoning Code Title 17 (eff 12/2024) — to_verify codified in Municode. [Akamai sweep 2026-06-08: clean 200]
Sonoma County,county,Sonoma,06097,Permit Sonoma (Planning Commission / Board of Zoning Adjustments),Granicus/Legistar,https://sonoma-county.granicus.com/boards/w/808bd6e42edf8e0f/boards/36919,clean,yes,Municode,https://library.municode.com/ca/sonoma_county,clean,per_district_sections,yes,unknown,granicus_family_clean,municode_api,clean,high,Unincorporated via Permit Sonoma. PC + BZA often combined; Granicus boards portal. Zoning Ch.26 in county code on Municode.
