claim_id,section,source_url,quote,verified
rh_density,209.1,https://web.archive.org/web/20210625131330id_/https://codelibrary.amlegal.com/codes/san_francisco/latest/sf_planning/0-0-0-20077,"Residential Density, Dwelling Units (6) § 207 One unit per lot. P up to one unit per lot. C up to one unit per 3,000 square feet of lot area, with no more than three units per lot. P up to two units per lot, if the second unit is 600 sq. ft. or less. C up to one unit per 3,000 square feet of lot area, with no more than three units per lot. P up to two units per lot. C up to one unit per 1,500 square feet of lot area. P up to three units per lot.",yes
rh_columns,209.1,https://web.archive.org/web/20210625131330id_/https://codelibrary.amlegal.com/codes/san_francisco/latest/sf_planning/0-0-0-20077,Table 209.1 ZONING CONTROL TABLE FOR RH DISTRICTS Zoning Category § References RH-1(D) RH-1 RH-1(S) RH-2 RH-3,yes
rh_rear,209.1,https://web.archive.org/web/20210625131330id_/https://codelibrary.amlegal.com/codes/san_francisco/latest/sf_planning/0-0-0-20077,"Rear Yard §§ 130 , 134 30% of lot depth, but in no case less than 15 feet. 45% of lot depth or average of adjacent neighbors",yes
rm_density,209.2,https://web.archive.org/web/20210619073644id_/https://codelibrary.amlegal.com/codes/san_francisco/latest/sf_planning/0-0-0-56337,"Residential Density, Dwelling Units (7) § 207 3 units per lot or up to one unit per 800 square feet of lot area. 3 units per lot or up to one unit per 600 square feet of lot area. 3 units per lot or up to one unit per 400 square feet of lot area. 3 units per lot or up to one unit per 200 square feet of lot area.",yes
rm_rear,209.2,https://web.archive.org/web/20210619073644id_/https://codelibrary.amlegal.com/codes/san_francisco/latest/sf_planning/0-0-0-56337,"Rear Yard §§ 130 , 134 45% of lot depth or average of adjacent neighbors. If averaged, no less than 25% of lot depth or 15 feet, whichever is greater. 25% of lot depth, but in no case less than 15 feet.",yes
rc_density,209.3,https://web.archive.org/web/20210625132449id_/https://codelibrary.amlegal.com/codes/san_francisco/latest/sf_planning/0-0-0-20083,"Residential Density, Dwelling Units (7) § 207 3 units per lot or up to one unit per 400 square feet of lot area. 3 units per lot or up to one unit per 200 square feet of lot area. No density limits in the Van Ness SUD",yes
rc_rear,209.3,https://web.archive.org/web/20210625132449id_/https://codelibrary.amlegal.com/codes/san_francisco/latest/sf_planning/0-0-0-20083,"Rear Yard §§ 130 , 134 Required at first residential level and above. 25% of the lot depth, but in no case less than 15 feet.",yes
rto_density,209.4,https://web.archive.org/web/20210614174435id_/https://codelibrary.amlegal.com/codes/san_francisco/latest/sf_planning/0-0-0-20086,"Residential Density, Dwelling Units (7) § 207 P up to one unit per 600 square feet of lot area (8) . C above, per criteria of § 207 (a). No density limit. Density is regulated by the permitted height and bulk",yes
nc1_density,710,https://web.archive.org/web/20201203050439id_/https://codelibrary.amlegal.com/codes/san_francisco/latest/sf_planning/0-0-0-25492,"Dwelling Unit Density §§ 102 , 207 1 unit per 800 square foot lot area, or the density permitted in the nearest R District, whichever is greater",yes
nc2_density,711,https://web.archive.org/web/20201126131412id_/https://codelibrary.amlegal.com/codes/san_francisco/latest/sf_planning/0-0-0-25507,"Dwelling Unit Density §§ 102 , 207 1 unit per 800 square foot lot area, or the density permitted in the nearest R District, whichever is greater",yes
nc3_density,712,https://web.archive.org/web/20201126130132id_/https://codelibrary.amlegal.com/codes/san_francisco/latest/sf_planning/0-0-0-25522,"Dwelling Unit Density §§ 102 , 207 1 unit per 600 square foot lot area, or the density permitted in the nearest R District, whichever is greater",yes
ncs_density,713,https://web.archive.org/web/20201127200754id_/https://codelibrary.amlegal.com/codes/san_francisco/latest/sf_planning/0-0-0-25536,"Dwelling Unit Density §§ 102 , 207 1 unit per 800 square feet lot area, or the density permitted in the nearest R District, whichever is greater",yes
nct_density,750,https://web.archive.org/web/20201203043208id_/https://codelibrary.amlegal.com/codes/san_francisco/latest/sf_planning/0-0-0-57016,"Housing density is limited not by lot area, but by the regulations on the built envelope of buildings",yes
c2_density,210.1,https://web.archive.org/web/20210615181730id_/https://codelibrary.amlegal.com/codes/san_francisco/latest/sf_planning/0-0-0-20117,"P at a density ratio not exceeding the number of dwelling units permitted in the nearest R District, with the distance to such R District measured from the midpoint of the front lot line or from a point directly across the street therefrom, whichever permits the greater density; provided, that the maximum density ratio shall in no case be less than one unit for each 800 square feet of lot area",yes
c3_density,210.2,https://web.archive.org/web/20210615194018id_/https://codelibrary.amlegal.com/codes/san_francisco/latest/sf_planning/0-0-0-20120,"Residential Density, Dwelling Units (7) § 207 No density limit. Density is regulated by the permitted height and bulk",yes
pdr_np,210.3,https://web.archive.org/web/20210613045905id_/https://codelibrary.amlegal.com/codes/san_francisco/latest/sf_planning/0-0-0-20123,Residential Uses Dwelling Units § 102 NP NP NP NP,yes
mug_density,840,https://web.archive.org/web/20210227042548id_/https://codelibrary.amlegal.com/codes/san_francisco/latest/sf_planning/0-0-0-26935,"Dwelling Unit Density Limit §§ 124 , 207.5 , 208 No density limit",yes
mur_density,841,https://web.archive.org/web/20210301163436id_/https://codelibrary.amlegal.com/codes/san_francisco/latest/sf_planning/0-0-0-26945,"Dwelling Unit Density Limit §§ 124 , 207.5 , 208 No density limit",yes
muo_density,842,https://web.archive.org/web/20210227035834id_/https://codelibrary.amlegal.com/codes/san_francisco/latest/sf_planning/0-0-0-26955,"Dwelling Unit Density Limit §§ 124 , 207.5 , 208 No density limit",yes
umu_density,843,https://web.archive.org/web/20210227042747id_/https://codelibrary.amlegal.com/codes/san_francisco/latest/sf_planning/0-0-0-35898,"Dwelling Unit Density Limit §§ 124 , 207.5 , 208 No density limit",yes
dtr_density,827,https://web.archive.org/web/20210301171454id_/https://codelibrary.amlegal.com/codes/san_francisco/latest/sf_planning/0-0-0-26847,"Residential Density, Dwelling Units § 890.88 (a) No Limit.",yes
sbdtr_density,829,https://web.archive.org/web/20210227043640id_/https://codelibrary.amlegal.com/codes/san_francisco/latest/sf_planning/0-0-0-26925,"Residential Density, Dwelling Units § 890.88 (a) No Limit.",yes
most_restrictive,250,https://web.archive.org/web/20210123120327id_/https://codelibrary.amlegal.com/codes/san_francisco/latest/sf_planning/0-0-0-21392,"standards for height, bulk, floor area ratio, setbacks, yards, usable open space and dwelling unit density, the most restrictive of such requirements shall prevail",yes
dbl_max50,Gov. Code 65915(f),https://leginfo.legislature.ca.gov/faces/codes_displaySection.xhtml?lawCode=GOV&sectionNum=65915,Percentage Low-Income Units Percentage Density Bonus 10 20 11 21.5 12 23 13 24.5 14 26 15 27.5 16 29 17 30.5 18 32 19 33.5 20 35 21 38.75 22 42.5 23 46.25 24 50,yes
dbl_five,Gov. Code 65915(i),https://leginfo.legislature.ca.gov/faces/codes_displaySection.xhtml?lawCode=GOV&sectionNum=65915,"""Housing development,"" as used in this section, means a development project for five or more residential units",yes
