locality,fips_geoid,platform,api_endpoint_used,earliest_minutes_year,minutes_type_confirmed,continuity,gap_notes,confidence,method,flags
Alameda,0600562,Legistar/Granicus,webapi.legistar.com/v1/alameda,2005,yes,unknown,,high,Legistar webapi /alameda: earliest EventMinutesFile 2005-01-12 (Library Board) — confirms minutes from 2005.,
El Cerrito,0621796,CivicClerk,elcerritoca.api.civicclerk.com,2008,yes,unknown,,high,CivicClerk OData: earliest Minutes-type file 2008-10-06,
San Carlos,0665070,PrimeGov,cityofsancarlos.primegov.com/api,2008,yes,unknown,,high,PrimeGov ListArchivedMeetings: earliest year with a Minutes-type doc = 2008,
Albany,0600674,PrimeGov,albanyca.primegov.com/api,2009,yes,unknown,,high,PrimeGov ListArchivedMeetings: earliest year with a Minutes-type doc = 2009,
Daly City,0617918,CivicClerk,dalycityca.api.civicclerk.com,2009,yes,gaps,,high,CivicClerk OData: earliest Minutes-type file 2009-03-23 (minutes sparse but present),minutes_sparse
Burlingame,0609066,Legistar/Granicus,webapi.legistar.com/v1/burlingameca,2014,yes,continuous,,high,Legistar webapi /burlingameca: earliest EventMinutesFile 2014-07-28 (Planning Commission),
Oakland,0653000,Legistar/Granicus,webapi.legistar.com/v1/oakland,2014,yes,continuous,,high,"Legistar webapi /oakland: earliest EventMinutesFile 2014-09-18. Prior shallow dropdown floor 2000 was the AGENDA/event range, NOT minutes.",supersedes_agenda_floor_2000
Emeryville,0622594,Legistar/Granicus,webapi.legistar.com/v1/emeryville,2015,yes,unknown,,high,Legistar webapi /emeryville: earliest EventMinutesFile 2015-03-03 — confirms 2015.,
Hayward,0633000,Legistar/Granicus,webapi.legistar.com/v1/hayward,2015,yes,continuous,,high,Legistar webapi /hayward: earliest EventMinutesFile 2015-09-02. Prior dropdown floor 2013 was the agenda range.,supersedes_agenda_floor_2013
Sonoma County,06097,Legistar/Granicus,sonoma-county.granicus.com RSS,2015,yes,unknown,,med,Granicus minutes-RSS view_id=2: real Minutes items 2015-2022 (older BoS system; 2022+ moved to new boards UI). Verified minutes >=2015 on that system.,granicus_old_system;true_earliest_maybe_older
Santa Rosa,0670098,Legistar/Granicus,webapi.legistar.com/v1/santa-rosa,2016,yes,continuous,,high,Legistar webapi /santa-rosa: earliest EventMinutesFile 2016-02-02 (City Council). Prior shallow dropdown floor 1999 was AGENDA range.,prior_dropdown_was_agenda
Hercules,0633308,Legistar/Granicus,webapi.legistar.com/v1/hercules,2017,yes,continuous,,high,Legistar webapi /hercules: earliest EventMinutesFile 2017-09-05 (Planning Commission),
Napa,0650258,Legistar/Granicus,webapi.legistar.com/v1/napacity,2017,yes,continuous,,high,Legistar webapi /napacity: earliest EventMinutesFile 2017-03-21 (City Council),
San Mateo County,06081,Legistar/Granicus,webapi.legistar.com/v1/sanmateocounty,2017,yes,continuous,,high,Legistar webapi /sanmateocounty: earliest EventMinutesFile 2017-05-16,
Pinole,0657288,CivicClerk,pinoleca.api.civicclerk.com,2019,yes,unknown,,high,CivicClerk OData: earliest Minutes-type file 2019-01-15 (scanned 450 events asc),
San Mateo,0668252,PrimeGov,sanmateo.primegov.com/api,2019,yes,continuous,,high,"PrimeGov ListArchivedMeetings (slug 'sanmateo'): meetings 2019-2026, Minutes doc-type present from 2019",
Napa County,06055,Legistar/Granicus,webapi.legistar.com/v1/napa,2021,yes,continuous,,high,Legistar webapi /napa: earliest EventMinutesFile 2021-05-04 (Board of Supervisors),
Contra Costa County,06013,Legistar/Granicus,webapi.legistar.com/v1/contra-costa,2023,yes,continuous,,high,Legistar webapi /contra-costa: earliest EventMinutesFile 2023-09-05,
Pleasanton,0657792,CivicClerk,pleasantonca.api.civicclerk.com,2023,yes,continuous,,high,CivicClerk OData: earliest Minutes 2023-11-07; CivicClerk archive itself starts 2023,civicclerk_migration_2023
Alameda County,06001,custom_CMS,https://www.acgov.org/cda/planning/agendas.htm,unknown,no_api,unknown,,low,Custom CMS: no queryable API for archive depth,custom_cms_no_api
American Canyon,0601640,CivicWeb,cityofamericancanyon.civicweb.net,unknown,no_api,unknown,,low,CivicWeb portal: no readable minutes-depth signal in a shallow API attempt,civicweb_no_readable_depth
Antioch,0602252,CivicPlus,https://www.antiochca.gov/government/agendas-and-minutes/,unknown,no_api,unknown,,low,CivicPlus AgendaCenter: no queryable document-type/date API for archive depth (year accordion is JS-rendered),civicplus_no_depth_api
Atherton,0603092,CivicPlus,https://www.athertonca.gov/641/Agendas-Minutes,unknown,no_api,unknown,,low,CivicPlus AgendaCenter: no queryable document-type/date API for archive depth (year accordion is JS-rendered),civicplus_no_depth_api
Brentwood,0608142,eScribe,pub-brentwood.escribemeetings.com,unknown,no_api,unknown,,low,eScribe reachable; year selector goes to ~2002 but minutes-TYPE not verifiable via a clean API (no document-type/date endpoint),escribe_archive_2002_minutes_type_unverified
Brisbane,0608310,MunicodeMeetings,brisbaneca.org,unknown,no_api,unknown,,low,Municode Meetings (JS app): no clean public document-type/date API for archive depth,municode_meetings_no_api
Calistoga,0609892,CivicWeb,ci.calistoga.ca.us,unknown,no_api,unknown,,low,City/CivicWeb endpoints unreachable (ECONNREFUSED) on repeated attempts; no readable depth,unreachable
Campbell,0610345,CivicPlus,https://www.campbellca.gov/AgendaCenter/Planning-Commission-6,unknown,no_api,unknown,,low,CivicPlus AgendaCenter: no queryable document-type/date API for archive depth (year accordion is JS-rendered),civicplus_no_depth_api
Colma,0614736,custom_CMS,https://www.colma.ca.gov/departments/planning/,unknown,no_api,unknown,,low,Custom CMS: no queryable API for archive depth,custom_cms_no_api
Concord,0616000,OnBase,stream.ci.concord.ca.us,unknown,no_api,unknown,,low,"OnBase AgendaOnline: search-limited, no clean document-type/date API for archive depth",onbase_no_depth_api
Cotati,0616560,CivicPlus,https://www.cotaticity.gov/AgendaCenter,unknown,no_api,unknown,,low,CivicPlus AgendaCenter: no queryable document-type/date API for archive depth (year accordion is JS-rendered),civicplus_no_depth_api
Cupertino,0617610,Legistar/Granicus,webapi.legistar.com/v1/cupertino,unknown,absent,unknown,,high,Legistar webapi /cupertino: events exist (status Final to 2005) but EventMinutesFile NULL across all — minutes not posted as files to Legistar,minutes_absent_in_api
Danville,0617988,Legistar/Granicus,danville-ca.granicus.com RSS,unknown,no_api,unknown,,low,Granicus minutes-RSS recency-capped (only 2025-2026 returned); prior probe: 'Summary of Actions' from ~2024. True earliest unverified,granicus_rss_recency_capped
Foster City,0625338,CivicClerk,fostercityca.civicclerk.com (legacy),unknown,no_api,unknown,,low,CivicClerk MODERN api absent (fostercityca uses legacy .civicclerk.com portal),legacy_civicclerk_no_modern_api
Half Moon Bay,0631708,CivicPlus,https://www.halfmoonbay.gov/AgendaCenter,unknown,no_api,unknown,,low,CivicPlus AgendaCenter: no queryable document-type/date API for archive depth (year accordion is JS-rendered),civicplus_no_depth_api
Livermore,0641992,Legistar/Granicus,,unknown,no_api,unknown,,low,"Legistar client slug unresolved (livermoreca/livermore); city uses Granicus GovAccess, no webapi client found",client_unresolved
Los Altos Hills,0643294,CivicPlus,https://www.losaltoshills.ca.gov/AgendaCenter,unknown,no_api,unknown,,low,CivicPlus AgendaCenter: no queryable document-type/date API for archive depth (year accordion is JS-rendered),civicplus_no_depth_api
Los Gatos,0644112,MunicodeMeetings,losgatos-ca.municodemeetings.com,unknown,no_api,unknown,,low,Municode Meetings (JS app): no clean public API for archive depth,municode_meetings_no_api
Marin County,06041,Legistar/Granicus,marin.granicus.com,unknown,no_api,unknown,,low,~2024 platform/domain migration; current Granicus archive starts 2024; pre-2024 minutes on a prior system (not API-readable here),migration_2024_pre_elsewhere
Millbrae,0647486,CivicPlus,https://www.ci.millbrae.ca.us/AgendaCenter/Planning-Commission-8/,unknown,no_api,unknown,,low,CivicPlus AgendaCenter: no queryable document-type/date API for archive depth (year accordion is JS-rendered),civicplus_no_depth_api
Monte Sereno,0648956,CivicPlus,https://www.montesereno.org/AgendaCenter,unknown,no_api,unknown,,low,CivicPlus AgendaCenter: no queryable document-type/date API for archive depth (year accordion is JS-rendered),civicplus_no_depth_api
Newark,0650916,other/unknown,https://www.newarkca.gov/departments/city-manager-s-office/meetings-agendas-minutes,unknown,no_api,unknown,,low,other/unknown: no clean queryable API for archive depth,no_api
Novato,0652582,custom_CMS,https://www.novato.gov/government/city-council/agendas-minutes-videos,unknown,no_api,unknown,,low,Custom CMS: no queryable API for archive depth,custom_cms_no_api
Oakley,0653070,CivicPlus,https://www.oakleyca.gov/agendacenter,unknown,no_api,unknown,,low,CivicPlus AgendaCenter: no queryable document-type/date API for archive depth (year accordion is JS-rendered),civicplus_no_depth_api
Pacifica,0654806,Legistar/Granicus,pacificacityca.iqm2.com,unknown,no_api,unknown,,low,"IQM2 year-nav shows meetings back to ~2008, but minutes-TYPE not verifiable via a clean API (column-label heuristic insufficient). Build-time row-level check needed",iqm2_archive_2008_minutes_type_unverified
Pleasant Hill,0657764,CivicPlus,https://www.phillca.gov/277/Agendas,unknown,no_api,unknown,,low,CivicPlus AgendaCenter: no queryable document-type/date API for archive depth (year accordion is JS-rendered),civicplus_no_depth_api
Richmond,0660620,Legistar/Granicus,richmond.granicus.com RSS,unknown,no_api,unknown,,low,"Granicus minutes-RSS returned only 2 Minutes items (2004-2008) — sparse/capped, inconclusive; prior probe: oldest rows video-only",granicus_rss_sparse_inconclusive
Rohnert Park,0662546,Legistar/Granicus,rpcity.granicus.com RSS,unknown,no_api,unknown,,low,Granicus minutes-RSS inconclusive (2 items); prior shallow probe confirmed minutes only 2024+,granicus_rss_inconclusive
Ross,0662980,custom_CMS,https://www.townofrossca.gov/meetings,unknown,no_api,unknown,,low,Custom CMS: no queryable API for archive depth,custom_cms_no_api
San Anselmo,0664434,CivicPlus,https://www.townofsananselmo.org,unknown,no_api,unknown,,low,CivicPlus AgendaCenter: no queryable document-type/date API for archive depth (year accordion is JS-rendered),civicplus_no_depth_api
San Pablo,0668294,CivicPlus,https://www.sanpabloca.gov/1400/City-CouncilLSA-Planning-Comm-AgendasMin,unknown,no_api,unknown,,low,CivicPlus AgendaCenter: no queryable document-type/date API for archive depth (year accordion is JS-rendered),civicplus_no_depth_api
Santa Clara County,06085,Legistar/Granicus,sccgov.iqm2.com,unknown,no_api,unknown,,low,IQM2 archive to ~2008 PLUS 2024 'OneMeeting' migration for BoS; minutes-type not cleanly verifiable via API,iqm2_plus_2024_migration
Sonoma,0672646,CivicWeb,sonomacity.civicweb.net,unknown,yes,unknown,,med,CivicWeb MeetingTypeList exposes a Planning-Commission Minutes bucket labeled 'prior to 2017' — minutes VERIFIED to pre-date 2017; exact earliest year not displayed,civicweb_minutes_pre_2017_exact_unknown
Union City,0681204,NovusAgenda,unioncity.novusagenda.com,unknown,no_api,unknown,,low,NovusAgenda: no clean queryable document-type/date API; HTML noisy,novusagenda_no_clean_api
Windsor,0685922,CivicPlus,https://www.townofwindsor.ca.gov/67/Planning-Commission,unknown,no_api,unknown,,low,CivicPlus AgendaCenter: no queryable document-type/date API for archive depth (year accordion is JS-rendered),civicplus_no_depth_api
Yountville,0686930,CivicPlus,https://www.townofyountville.com/495/Agendas-and-Minutes,unknown,no_api,unknown,,low,CivicPlus AgendaCenter: no queryable document-type/date API for archive depth (year accordion is JS-rendered),civicplus_no_depth_api
