case_number,matched_block,score,runner_up,confidence,human_date,matched_date
98.127C,tagged/1998/June_4_1998.txt#14,4.0,-3.0,confident,,1998-06-04
97.226D,tagged/1998/June_4_1998.txt#57,14.0,5.0,confident,1998-01-22,1998-06-04
97.686C,tagged/1998/June_4_1998.txt#2,14.0,14.0,ambiguous,1998-01-08,1998-06-04
98.321C,tagged/1998/June_4_1998.txt#58,14.0,5.0,confident,1998-07-09,1998-06-04
98.226D,tagged/1998/June_4_1998.txt#0,14.0,5.0,confident,1998-06-04,1998-06-04
98.251C,tagged/1998/June_4_1998.txt#1,14.0,8.0,confident,1998-06-04,1998-06-04
98.238ET,tagged/1998/June_4_1998.txt#8,18.0,,confident,1998-06-04,1998-06-04
98.341T,tagged/1998/June_4_1998.txt#9,15.0,,confident,1998-06-04,1998-06-04
97.470E,tagged/1998/June_4_1998.txt#10,13.5,,confident,1998-06-04,1998-06-04
98.136C,tagged/1998/June_4_1998.txt#11,18.5,,confident,1998-06-04,1998-06-04
98.197C,tagged/1998/June_4_1998.txt#12,15.5,,confident,1998-06-04,1998-06-04
98.186C,tagged/1998/June_4_1998.txt#13,17.0,,confident,1998-06-04,1998-06-04
98.127C,tagged/1998/June_4_1998.txt#14,33.5,-14.5,confident,1998-06-04,1998-06-04
98.285C,tagged/1998/June_4_1998.txt#15,14.0,,confident,1998-06-04,1998-06-04
98.307D,tagged/1998/June_4_1998.txt#16,14.0,8.0,confident,1998-06-04,1998-06-04
98.246D,tagged/1998/June_4_1998.txt#17,0.0,,ambiguous,1998-06-04,1998-06-04
98.254D,tagged/1998/June_4_1998.txt#18,14.0,,confident,1998-06-04,1998-06-04
98.274C,tagged/1998/June_4_1998.txt#47,21.5,-0.5,confident,1998-06-04,1998-06-04
98.222D,tagged/1998/June_4_1998.txt#76,15.5,4.5,confident,1998-06-04,1998-06-04
98.377D,tagged/1998/June_4_1998.txt#78,20.0,3.0,confident,1998-06-04,1998-06-04
98.290D/DD,tagged/1998/June_4_1998.txt#22,0.0,,ambiguous,1998-06-04,1998-06-04
98.229D,tagged/1998/June_4_1998.txt#23,0.0,,ambiguous,1998-06-04,1998-06-04
98.227ETZ,tagged/1998/June_4_1998.txt#27,17.0,,confident,1998-06-04,1998-06-04
98.506D/DD,tagged/1998/June_4_1998.txt#31,0.0,0.0,ambiguous,1998-06-04,1998-06-04
98.311D,tagged/1998/June_4_1998.txt#32,15.5,,confident,1998-06-04,1998-06-04
97.367D,tagged/1998/June_4_1998.txt#33,23.0,,confident,1998-06-04,1998-06-04
98.313D,tagged/1998/June_4_1998.txt#73,21.5,5.5,confident,1998-06-04,1998-06-04
98.410D/DD,tagged/1998/June_4_1998.txt#35,14.0,,confident,1998-06-04,1998-06-04
98.287C,tagged/1998/June_4_1998.txt#36,11.0,,confident,1998-06-04,1998-06-04
97.499Q,tagged/1998/June_4_1998.txt#40,15.0,,confident,1998-06-04,1998-06-04
98.155ET,tagged/1998/June_4_1998.txt#41,30.0,,confident,1998-06-04,1998-06-04
98.105C,tagged/1998/June_4_1998.txt#48,9.5,,confident,1998-06-04,1998-06-04
98.334D,tagged/1998/June_4_1998.txt#53,17.0,,confident,1998-06-04,1998-06-04
98.350D/DD,tagged/1998/June_4_1998.txt#54,21.0,,confident,1998-06-04,1998-06-04
98.252C,tagged/1998/June_4_1998.txt#56,14.0,,confident,1998-06-04,1998-06-04
97.678E,tagged/1998/June_4_1998.txt#63,-10.0,,ambiguous,1998-06-04,1998-06-04
98.335C,tagged/1998/June_4_1998.txt#66,15.5,,confident,1998-06-04,1998-06-04
98.317C,tagged/1998/June_4_1998.txt#67,15.5,,confident,1998-06-04,1998-06-04
98.237C,tagged/1998/June_4_1998.txt#68,0.5,,ambiguous,1998-06-04,1998-06-04
98.080C,tagged/1998/June_4_1998.txt#70,14.0,,confident,1998-06-04,1998-06-04
98.296C,tagged/1998/June_4_1998.txt#71,-5.5,,ambiguous,1998-06-04,1998-06-04
98.153D,tagged/1999/April_1_1999.txt#24,-2.5,,ambiguous,1999-04-01,1999-04-01
98.266E,tagged/1999/January_7_1999.txt#9,1.0,,ambiguous,1999-01-07,1999-01-07
98.455E,tagged/1999/May_6_1999.txt#58,6.5,3.5,confident,1999-01-07,1999-05-06
2000.271E,tagged/2000/July_6_2000.txt#5,12.5,6.5,confident,2000-08-03,2000-07-06
1999.817C,tagged/2000/July_6_2000.txt#4,13.0,7.0,confident,2000-08-03,2000-07-06
1999.455E,tagged/2001/December_06_2001.txt#10,9.5,-8.5,confident,2000-08-03,2001-12-06
2000.288E,tagged/2000/July_6_2000.txt#0,-0.5,-0.5,ambiguous,2000-07-06,2000-07-06
1999.790C,tagged/2000/July_6_2000.txt#1,12.5,0.5,confident,2000-07-06,2000-07-06
1999.668B,tagged/2000/July_6_2000.txt#2,12.5,3.5,confident,2000-07-06,2000-07-06
2000.078G,tagged/2000/July_6_2000.txt#6,12.0,6.0,confident,2000-07-06,2000-07-06
2000.353DD,tagged/2000/July_6_2000.txt#7,10.5,1.5,confident,2000-07-06,2000-07-06
2000.378T,tagged/2000/July_6_2000.txt#8,12.5,,confident,2000-07-06,2000-07-06
2000.379T,tagged/2000/July_6_2000.txt#9,12.5,,confident,2000-07-06,2000-07-06
2000.380T,tagged/2000/July_6_2000.txt#10,11.0,5.0,confident,2000-07-06,2000-07-06
2001.0522C,tagged/2001/October_18_2001.txt#7,9.0,6.0,confident,2001-08-09,2001-10-18
2000.1141C,tagged/2002/January_24_2002.txt#2,13.5,10.5,confident,2001-08-09,2002-01-24
2001.0502C,tagged/2001/August_16_2001.txt#4,-0.5,-0.5,ambiguous,2001-08-16,2001-08-16
2001.0062E,tagged/2002/January_24_2002.txt#4,13.5,7.5,confident,2001-12-06,2002-01-24
2000.1183DDD,tagged/2002/January_24_2002.txt#5,13.5,7.5,confident,2001-11-08,2002-01-24
2001.0700C,tagged/2001/October_18_2001.txt#1,11.5,-9.5,confident,2001-11-15,2001-10-18
2001.0540C,tagged/2001/October_18_2001.txt#0,11.5,,confident,2001-10-18,2001-10-18
2001.0499DDDD,tagged/2001/October_18_2001.txt#2,0.0,,ambiguous,2001-10-18,2001-10-18
2001.0667C,tagged/2001/October_18_2001.txt#8,11.5,,confident,2001-10-18,2001-10-18
2001.0716D,tagged/2001/October_18_2001.txt#9,11.0,,confident,2001-10-18,2001-10-18
2001.0895D,tagged/2001/October_18_2001.txt#10,11.5,,confident,2001-10-18,2001-10-18
2001.0694D,tagged/2001/October_18_2001.txt#11,3.5,,confident,2001-10-18,2001-10-18
2001.0910D,tagged/2001/October_18_2001.txt#13,11.0,,confident,2001-10-18,2001-10-18
2000.1311ECD,tagged/2002/December_05_2002.txt#2,8.5,-6.5,confident,2002-12-05,2002-12-05
2001.1026C,tagged/2002/January_24_2002.txt#1,13.5,7.5,confident,2002-02-07,2002-01-24
2002.0037U,tagged/2002/January_24_2002.txt#11,12.5,9.5,confident,2002-01-17,2002-01-24
2001.0632C,tagged/2002/January_24_2002.txt#12,14.5,,confident,2002-01-24,2002-01-24
2001.0841C,tagged/2002/January_24_2002.txt#13,9.5,,confident,2002-01-24,2002-01-24
2001.0994C,tagged/2002/January_24_2002.txt#14,13.0,,confident,2002-01-24,2002-01-24
2001.0956D,tagged/2002/January_24_2002.txt#15,7.0,,confident,2002-01-24,2002-01-24
2001.0693D,tagged/2002/January_24_2002.txt#16,5.5,,confident,2002-01-24,2002-01-24
2002.0778E,tagged/2003/April_03_2003.txt#4,11.5,11.5,ambiguous,2003-04-03,2003-04-03
2003.0037C,tagged/2003/March_20_2003.txt#3,11.5,8.5,confident,2003-04-03,2003-03-20
2002.1120C,tagged/2003/April_10_2003.txt#11,11.5,11.5,ambiguous,2003-04-10,2003-04-10
2002.0636DD,tagged/2003/February_13_2003.txt#17,8.5,8.5,ambiguous,2003-02-13,2003-02-13
2002.1064D,tagged/2003/February_27_2003.txt#2,-0.5,-0.5,ambiguous,2003-02-27,2003-02-27
2002.1084C,tagged/2003/February_27_2003.txt#13,9.5,9.5,ambiguous,2003-02-27,2003-02-27
2003.0190D,tagged/2003/March_13_2003.txt#1,8.0,-1.0,confident,2003-03-13,2003-03-13
2002.1310D,tagged/2003/March_20_2003.txt#0,11.5,8.5,confident,2003-03-20,2003-03-20
2002.0038TZ,tagged/2003/March_20_2003.txt#4,12.5,,confident,2003-03-20,2003-03-20
2003.0073H,tagged/2003/March_20_2003.txt#12,12.0,,confident,2003-03-20,2003-03-20
2001.0792E,tagged/2003/March_20_2003.txt#14,0.0,,ambiguous,2003-03-20,2003-03-20
2002.1284D,tagged/2003/March_20_2003.txt#17,7.0,,confident,2003-03-20,2003-03-20
2003.0219D,tagged/2003/March_20_2003.txt#18,8.5,,confident,2003-03-20,2003-03-20
2003.0221D,tagged/2003/March_20_2003.txt#19,8.5,,confident,2003-03-20,2003-03-20
2003.0873D,tagged/2004/April_8_2004.txt#3,11.5,11.5,ambiguous,2003-11-06,2004-04-08
2003.1079D,tagged/2004/February_26_2004.txt#6,11.5,8.5,confident,2003-11-06,2004-02-26
2000.465E,tagged/2004/April_8_2004.txt#2,11.5,11.5,ambiguous,2004-04-01,2004-04-08
2004.0151D,tagged/2004/April_8_2004.txt#1,11.5,11.5,ambiguous,2004-04-08,2004-04-08
2003.1314C,tagged/2004/February_26_2004.txt#12,9.5,8.5,ambiguous,2004-02-19,2004-02-26
2001.1039E,tagged/2004/February_26_2004.txt#0,11.5,11.5,ambiguous,2004-02-26,2004-02-26
2003.1312T,tagged/2004/February_26_2004.txt#2,11.5,5.5,confident,2004-02-26,2004-02-26
2003.1327DD,tagged/2004/February_26_2004.txt#7,-0.5,,ambiguous,2004-02-26,2004-02-26
2003.0263D,tagged/2004/February_26_2004.txt#13,11.0,,confident,2004-02-26,2004-02-26
2003.1263D,tagged/2004/February_26_2004.txt#14,1.5,,ambiguous,2004-02-26,2004-02-26
2003.1330D,tagged/2004/February_26_2004.txt#15,9.5,,confident,2004-02-26,2004-02-26
2003.1281DD,tagged/2004/February_26_2004.txt#16,8.5,,confident,2004-02-26,2004-02-26
2004.0032D,tagged/2005/June_2_2005.txt#0,10.5,4.5,confident,2004-03-11,2005-06-02
2004.1078D,tagged/2005/June_9_2005.txt#0,10.5,4.5,confident,2005-04-28,2005-06-09
2005.0148DD,tagged/2005/December_1_2005.txt#1,4.5,1.5,confident,2005-12-01,2005-12-01
2003.0672CE,tagged/2005/June_9_2005.txt#1,10.5,,confident,2005-06-09,2005-06-09
2004.1339C,tagged/2005/June_9_2005.txt#3,11.0,,confident,2005-06-09,2005-06-09
2004.1254C,tagged/2005/June_9_2005.txt#4,11.0,,confident,2005-06-09,2005-06-09
2004.1204D,tagged/2005/June_9_2005.txt#6,-6.0,,ambiguous,2005-06-09,2005-06-09
2004.0874D,tagged/2005/June_9_2005.txt#7,9.0,,confident,2005-06-09,2005-06-09
2004.1265D,tagged/2005/June_9_2005.txt#8,9.0,,confident,2005-06-09,2005-06-09
2004.1305D,tagged/2005/June_9_2005.txt#9,10.0,,confident,2005-06-09,2005-06-09
2006.0056C,tagged/2007/January_18_2007.txt#5,8.0,6.0,confident,2006-04-20,2007-01-18
2006.0897D,tagged/2006/October_19_2006.txt#0,8.5,5.5,confident,2006-12-14,2006-10-19
2006.0893C,tagged/2006/October_19_2006.txt#3,8.5,,confident,2006-10-19,2006-10-19
2006.1052E,tagged/2006/October_19_2006.txt#4,9.5,,confident,2006-10-19,2006-10-19
2006.0896C,tagged/2006/October_19_2006.txt#5,10.0,,confident,2006-10-19,2006-10-19
2006.1221E,tagged/2006/October_19_2006.txt#8,10.0,7.0,confident,2006-10-19,2006-10-19
2005.0570D,tagged/2006/October_19_2006.txt#10,0.0,0.0,ambiguous,2006-10-19,2006-10-19
2006.0751D,tagged/2006/October_19_2006.txt#11,6.0,,confident,2006-10-19,2006-10-19
2006.0834D,tagged/2006/October_19_2006.txt#12,12.5,,confident,2006-10-19,2006-10-19
2006.1085D,tagged/2006/October_19_2006.txt#13,11.5,6.5,confident,2006-10-19,2006-10-19
2005.0937D,tagged/2007/April_19_2007.txt#8,6.5,3.5,confident,2007-04-19,2007-04-19
2007.0922C,tagged/2007/December_13_2007.txt#6,5.5,5.5,ambiguous,2007-12-13,2007-12-13
2007.0971C,tagged/2007/December_20_2007.txt#3,5.5,5.5,ambiguous,2007-12-20,2007-12-20
2007.0461C,tagged/2007/November_15_2007.txt#15,5.5,5.5,ambiguous,2007-11-15,2007-11-15
2004.0548E,tagged/2007/November_8_2007.txt#3,5.5,5.5,ambiguous,2007-11-08,2007-11-08
2007.0936T,tagged/2007/November_8_2007.txt#5,0.0,0.0,ambiguous,2007-11-08,2007-11-08
2001.0565L,tagged/2007/November_8_2007.txt#6,9.5,,confident,2007-11-08,2007-11-08
2007.0701C,tagged/2007/November_8_2007.txt#7,0.0,-1.0,ambiguous,2007-11-08,2007-11-08
2007.0952C,tagged/2007/November_8_2007.txt#13,7.5,,confident,2007-11-08,2007-11-08
2007.1012D,tagged/2007/November_8_2007.txt#14,5.0,,confident,2007-11-08,2007-11-08
2007.0696D,tagged/2007/November_8_2007.txt#17,-0.5,,ambiguous,2007-11-08,2007-11-08
2007.1108D,tagged/2007/November_8_2007.txt#18,2.0,,confident,2007-11-08,2007-11-08
2007.0584C,tagged/2009/May_14_2009.txt#7,4.5,-1.5,confident,2007-10-25,2009-05-14
2006.0441E,tagged/2008/July_17_2008.txt#2,10.5,10.5,ambiguous,2008-07-17,2008-07-17
2006.0441V,tagged/2008/July_17_2008.txt#3,10.5,10.5,ambiguous,2008-07-17,2008-07-17
2008.0492D,tagged/2008/September_4_2008.txt#17,12.5,-0.5,confident,2008-07-24,2008-09-04
2007.0189D,tagged/2008/September_4_2008.txt#6,10.5,-7.5,confident,2008-11-06,2008-09-04
2008.0501DDD,tagged/2008/September_4_2008.txt#18,12.0,2.0,confident,2008-11-06,2008-09-04
2007.0676D,tagged/2008/September_4_2008.txt#2,10.5,7.5,confident,2008-10-23,2008-09-04
2008.0752D,tagged/2008/September_4_2008.txt#3,10.5,7.5,confident,2008-10-23,2008-09-04
2007.0188D,tagged/2008/September_4_2008.txt#5,10.5,,confident,2008-09-04,2008-09-04
2007.1334A,tagged/2008/September_4_2008.txt#7,18.0,,confident,2008-09-04,2008-09-04
2008.0634C,tagged/2008/September_4_2008.txt#8,11.5,,confident,2008-09-04,2008-09-04
2008.0630C,tagged/2008/September_4_2008.txt#9,11.0,,confident,2008-09-04,2008-09-04
2008.0861C,tagged/2008/September_4_2008.txt#10,10.5,,confident,2008-09-04,2008-09-04
2008.1008T,tagged/2008/September_4_2008.txt#14,8.5,5.5,confident,2008-09-04,2008-09-04
2008.0805D,tagged/2008/September_4_2008.txt#16,10.0,,confident,2008-09-04,2008-09-04
2006.1065DDDD,tagged/2009/April_16_2009.txt#5,0.0,0.0,ambiguous,2009-04-16,2009-04-16
2006.1065V,tagged/2009/April_16_2009.txt#6,0.0,0.0,ambiguous,2009-04-16,2009-04-16
2008.1161C,tagged/2009/May_14_2009.txt#6,14.5,10.5,confident,2009-04-23,2009-05-14
2007.0128E,tagged/2009/April_23_2009.txt#1,10.5,10.5,ambiguous,2009-04-23,2009-04-23
2008.1014C,tagged/2009/May_14_2009.txt#3,13.5,10.5,confident,2009-04-23,2009-05-14
2009.0261T,tagged/2009/May_14_2009.txt#0,13.5,,confident,2009-05-14,2009-05-14
2005.0979E,tagged/2009/May_14_2009.txt#1,13.5,10.5,confident,2009-05-14,2009-05-14
2009.0268T,tagged/2009/May_14_2009.txt#2,13.5,10.5,confident,2009-05-14,2009-05-14
2008.0194C,tagged/2009/May_14_2009.txt#11,23.0,,confident,2009-05-14,2009-05-14
2008.0327D,tagged/2009/May_14_2009.txt#17,15.0,,confident,2009-05-14,2009-05-14
2008.1257DV,tagged/2009/May_14_2009.txt#18,2.0,,confident,2009-05-14,2009-05-14
2010.0556D,tagged/2011/May_12_2011.txt#9,23.0,-6.0,confident,2010-12-02,2011-05-12
2009.0227TU,tagged/2010/March_4_2010.txt#6,9.0,,confident,2010-03-04,2010-03-04
2009.0464C,tagged/2010/October_7_2010.txt#1,11.0,,confident,2010-10-07,2010-10-07
2007.1238M,tagged/2010/October_7_2010.txt#3,11.5,-4.5,confident,2010-10-07,2010-10-07
2010.0459C,tagged/2010/October_7_2010.txt#4,14.0,5.0,confident,2010-10-07,2010-10-07
2010.0323D,tagged/2010/October_7_2010.txt#5,9.5,-4.5,confident,2010-10-07,2010-10-07
2009.0335CEKV,tagged/2010/October_7_2010.txt#6,-1.0,-1.0,ambiguous,2010-10-07,2010-10-07
2010.0754D,tagged/2010/October_7_2010.txt#8,9.5,,confident,2010-10-07,2010-10-07
2009.1003D,tagged/2010/October_7_2010.txt#9,-0.5,,ambiguous,2010-10-07,2010-10-07
2010.0475D,tagged/2010/October_7_2010.txt#10,-0.5,,ambiguous,2010-10-07,2010-10-07
2008.0968E,tagged/2010/October_7_2010.txt#11,43.0,,confident,2010-10-07,2010-10-07
2011.0063DV,tagged/2011/May_12_2011.txt#2,7.5,7.5,ambiguous,2011-05-12,2011-05-12
2008.0723E,tagged/2011/May_12_2011.txt#4,21.0,,confident,2011-05-12,2011-05-12
2008.0723V,tagged/2011/May_12_2011.txt#5,-3.0,,ambiguous,2011-05-12,2011-05-12
2010.0771EC,tagged/2011/May_12_2011.txt#6,26.0,,confident,2011-05-12,2011-05-12
2010.0137D,tagged/2011/May_12_2011.txt#7,13.5,,confident,2011-05-12,2011-05-12
2010.0137V,tagged/2011/May_12_2011.txt#8,-0.5,,ambiguous,2011-05-12,2011-05-12
2011.0194D,tagged/2011/May_12_2011.txt#10,15.5,,confident,2011-05-12,2011-05-12
2012.0822C,tagged/2013/February_7_2013.txt#7,35.0,13.0,confident,2012-08-16,2013-02-07
2007.0030ECKMRZ,tagged/2012/March_22_2010.txt#0,0.0,0.0,ambiguous,2012-03-22,2012-03-22
2013.0050CTZ,tagged/2013/February_7_2013.txt#2,12.5,12.5,ambiguous,2013-02-14,2013-02-07
2013.0029X,tagged/2013/February_21_2013.txt#6,14.5,7.5,confident,2013-02-21,2013-02-21
2012.0765C,tagged/2013/February_7_2013.txt#5,15.0,,confident,2013-02-07,2013-02-07
2013.0068X,tagged/2013/February_7_2013.txt#6,22.5,,confident,2013-02-07,2013-02-07
2012.1193C,tagged/2013/February_7_2013.txt#9,8.0,,confident,2013-02-07,2013-02-07
2012.0109CV,tagged/2013/February_7_2013.txt#10,0.0,0.0,ambiguous,2013-02-07,2013-02-07
2013.0647T,tagged/2014/November_20_2014.txt#6,9.0,3.0,confident,2013-06-20,2014-11-20
2014.0966T,tagged/2014/November_20_2014.txt#0,13.5,7.5,confident,2014-12-11,2014-11-20
2013.0986CX,tagged/2014/December_18_2014.txt#5,5.0,5.0,ambiguous,2014-12-18,2014-12-18
2013.1340D,tagged/2014/November_20_2014.txt#1,14.0,11.0,confident,2014-07-17,2014-11-20
2014.1540Q,tagged/2014/November_20_2014.txt#2,14.5,,confident,2014-11-20,2014-11-20
2014.1146C,tagged/2014/November_20_2014.txt#3,14.5,,confident,2014-11-20,2014-11-20
2011.0409B,tagged/2014/November_20_2014.txt#4,-8.0,,ambiguous,2014-11-20,2014-11-20
2011.0409E,tagged/2014/November_20_2014.txt#5,7.0,,confident,2014-11-20,2014-11-20
2013.1517ME,tagged/2014/November_20_2014.txt#7,12.0,12.0,ambiguous,2014-11-20,2014-11-20
2014.0156T,tagged/2014/November_20_2014.txt#8,13.5,13.5,ambiguous,2014-11-20,2014-11-20
2014.0799C,tagged/2014/November_20_2014.txt#11,13.0,13.0,ambiguous,2014-11-20,2014-11-20
2014.1379D,tagged/2014/November_20_2014.txt#12,12.0,,confident,2014-11-20,2014-11-20
2014.0177D,tagged/2014/November_20_2014.txt#13,9.5,,confident,2014-11-20,2014-11-20
