Jurisdiction,County,Planning Period,Record Type,Date Received,Review Status,Reviewed Date,Compliance Status,COG,CYCLE
ADELANTO,San Bernardino,6L,Adopted,2024-08-22 00:00:00.0000000,In,2024-10-18 00:00:00.0000000,In,Southern California Assn. of Govts.,6th Cycle
AGOURA HILLS,Los Angeles,6L,Adopted,2022-08-15 00:00:00.0000000,In,2022-10-12 00:00:00.0000000,In,Southern California Assn. of Govts.,6th Cycle
ALAMEDA,Alameda,6S,Adopted,2022-11-16 00:00:00.0000000,In,2022-12-20 00:00:00.0000000,In,Assn. of Bay Area Govts.,6th Cycle
ALAMEDA COUNTY,Alameda,6S,Adopted,2024-12-19 08:19:00.0000000,In,2024-12-31 12:00:00.0000000,In,Assn. of Bay Area Govts.,6th Cycle
ALBANY,Alameda,6S,Adopted,2023-08-16 00:00:00.0000000,In,2023-09-08 00:00:00.0000000,In,Assn. of Bay Area Govts.,6th Cycle
ALHAMBRA,Los Angeles,6L,Adopted,2024-08-28 00:00:00.0000000,In,2024-09-13 00:00:00.0000000,In,Southern California Assn. of Govts.,6th Cycle
ALISO VIEJO,Orange,6L,Adopted,2024-06-24 00:00:00.0000000,In,2024-06-24 00:00:00.0000000,In,Southern California Assn. of Govts.,6th Cycle
ALPINE COUNTY,Alpine,7A,Subsequent Draft,2024-12-02 16:26:00.0000000,Out,2025-01-31 12:00:00.0000000,Out,Alpine County Jurisdictions,7th Cycle
ALTURAS,Modoc,7A,New Cycle,2024-06-30 00:00:00.0000000,Due,2024-06-30 00:00:00.0000000,Out,Modoc County Jurisdictions,7th Cycle
AMADOR,Amador,6G,Adopted,2026-01-27 08:25:00.0000000,In,2026-03-23 12:00:00.0000000,In,Central Sierra Planning Council and Economic Development District,6th Cycle
AMADOR COUNTY,Amador,6G,Adopted,2024-09-26 00:00:00.0000000,In,2024-09-27 00:00:00.0000000,In,Central Sierra Planning Council and Economic Development District,6th Cycle
AMERICAN CANYON,Napa,6S,Adopted,2023-05-01 00:00:00.0000000,In,2023-06-30 00:00:00.0000000,In,Assn. of Bay Area Govts.,6th Cycle
ANAHEIM,Orange,6L,Adopted,2025-09-25 13:17:00.0000000,In,2025-10-14 12:00:00.0000000,In,Southern California Assn. of Govts.,6th Cycle
ANDERSON,Shasta,6E,Adopted,2020-07-24 00:00:00.0000000,In,2020-08-04 00:00:00.0000000,In,Shasta County Jurisdictions,6th Cycle
ANGELS CAMP,Calaveras,6A,Adopted,2019-10-28 00:00:00.0000000,In,2019-12-06 00:00:00.0000000,In,Calaveras County Jurisdictions,6th Cycle
ANTIOCH,Contra Costa,6S,Adopted,2023-08-15 00:00:00.0000000,In,2023-10-12 00:00:00.0000000,In,Assn. of Bay Area Govts.,6th Cycle
APPLE VALLEY,San Bernardino,6L,Adopted,2023-02-22 00:00:00.0000000,In,2023-02-24 00:00:00.0000000,In,Southern California Assn. of Govts.,6th Cycle
ARCADIA,Los Angeles,6L,Adopted,2023-12-12 00:00:00.0000000,In,2024-02-09 00:00:00.0000000,In,Southern California Assn. of Govts.,6th Cycle
ARCATA,Humboldt,6C,Adopted,2019-12-23 00:00:00.0000000,In,2020-01-28 00:00:00.0000000,In,Humbolt County Assn of Govts.,6th Cycle
ARROYO GRANDE,San Luis Obispo,6F,Adopted,2021-02-10 00:00:00.0000000,In,2021-05-05 00:00:00.0000000,In,San Luis Obispo Counsil of Govts.,6th Cycle
ARTESIA,Los Angeles,6L,Adopted,2026-02-10 11:51:00.0000000,In,2026-03-05 12:00:00.0000000,In,Southern California Assn. of Govts.,6th Cycle
ARVIN,Kern,6U,Adopted,2025-03-05 08:50:00.0000000,In,2025-03-27 12:00:00.0000000,In,Kern Council of Govts.,6th Cycle
ATASCADERO,San Luis Obispo,6F,Adopted,2020-12-09 00:00:00.0000000,In,2021-01-12 00:00:00.0000000,In,San Luis Obispo Counsil of Govts.,6th Cycle
ATHERTON,San Mateo,6S,Adopted,2025-03-06 12:34:00.0000000,In,2025-05-05 12:00:00.0000000,In,Assn. of Bay Area Govts.,6th Cycle
ATWATER,Merced,6V,Subsequent Draft,2026-04-10 11:31:00.0000000,In Review,,Out,Merced County Assn. of Govts.,6th Cycle
AUBURN,Placer,6K,Adopted,2021-06-03 00:00:00.0000000,In,2021-08-26 00:00:00.0000000,In,Sacramento Area Council of Govts.,6th Cycle
AVALON,Los Angeles,6L,Adopted,2022-09-29 00:00:00.0000000,In,2022-10-12 00:00:00.0000000,In,Southern California Assn. of Govts.,6th Cycle
AVENAL,Kings,6V,Adopted,2026-05-15 09:18:00.0000000,In,2026-06-04 12:00:00.0000000,In,Kings County Assn. of Govts.,6th Cycle
AZUSA,Los Angeles,6L,Adopted,2023-06-23 00:00:00.0000000,In,2023-07-27 00:00:00.0000000,In,Southern California Assn. of Govts.,6th Cycle
BAKERSFIELD,Kern,6U,Adopted,2025-09-25 07:29:00.0000000,In,2025-11-24 12:00:00.0000000,In,Kern Council of Govts.,6th Cycle
BALDWIN PARK,Los Angeles,6L,Adopted,2023-07-20 00:00:00.0000000,In,2023-08-24 00:00:00.0000000,In,Southern California Assn. of Govts.,6th Cycle
BANNING,Riverside,6L,Adopted,2024-07-16 00:00:00.0000000,In,2024-07-26 00:00:00.0000000,In,Southern California Assn. of Govts.,6th Cycle
BARSTOW,San Bernardino,6L,Adopted,2024-11-13 09:33:00.0000000,In,2024-12-20 12:00:00.0000000,In,Southern California Assn. of Govts.,6th Cycle
BEAUMONT,Riverside,6L,Adopted,2022-10-18 00:00:00.0000000,In,2022-12-12 00:00:00.0000000,In,Southern California Assn. of Govts.,6th Cycle
BELL,Los Angeles,6L,Adopted,2022-10-13 00:00:00.0000000,In,2022-10-15 00:00:00.0000000,In,Southern California Assn. of Govts.,6th Cycle
BELL GARDENS,Los Angeles,6L,Adopted,2022-07-27 00:00:00.0000000,In,2022-08-18 00:00:00.0000000,In,Southern California Assn. of Govts.,6th Cycle
BELLFLOWER,Los Angeles,6L,Adopted,2022-07-21 00:00:00.0000000,In,2022-09-09 00:00:00.0000000,In,Southern California Assn. of Govts.,6th Cycle
BELMONT,San Mateo,6S,Adopted,2024-09-11 00:00:00.0000000,In,2024-10-16 00:00:00.0000000,In,Assn. of Bay Area Govts.,6th Cycle
BELVEDERE,Marin,6S,Adopted,2026-02-10 07:21:00.0000000,In,2026-02-26 12:00:00.0000000,In,Assn. of Bay Area Govts.,6th Cycle
BENICIA,Solano,6S,Adopted,2024-03-05 00:00:00.0000000,In,2024-04-04 00:00:00.0000000,In,Assn. of Bay Area Govts.,6th Cycle
BERKELEY,Alameda,6S,Adopted,2023-01-24 00:00:00.0000000,In,2023-02-28 00:00:00.0000000,In,Assn. of Bay Area Govts.,6th Cycle
BEVERLY HILLS,Los Angeles,6L,Adopted,2024-03-19 00:00:00.0000000,In,2024-05-01 00:00:00.0000000,In,Southern California Assn. of Govts.,6th Cycle
BIG BEAR LAKE,San Bernardino,6L,Adopted,2022-09-23 00:00:00.0000000,In,2022-10-10 00:00:00.0000000,In,Southern California Assn. of Govts.,6th Cycle
BIGGS,Butte,6Q,Adopted,2024-06-24 00:00:00.0000000,In,2024-07-10 00:00:00.0000000,In,Butte County Assn. of Govts.,6th Cycle
BISHOP,Inyo,6H,Adopted,2022-06-09 00:00:00.0000000,In,2022-08-01 00:00:00.0000000,In,Inyo County Jurisdictions,6th Cycle
BLUE LAKE,Humboldt,6C,Adopted,2025-12-29 08:39:00.0000000,In,2025-12-30 12:00:00.0000000,In,Humbolt County Assn of Govts.,6th Cycle
BLYTHE,Riverside,6L,Adopted,2024-08-15 00:00:00.0000000,In,2024-08-29 00:00:00.0000000,In,Southern California Assn. of Govts.,6th Cycle
BRADBURY,Los Angeles,6L,Adopted,2023-11-08 00:00:00.0000000,In,2024-01-03 00:00:00.0000000,In,Southern California Assn. of Govts.,6th Cycle
BRAWLEY,Imperial,6L,Adopted,2023-08-23 00:00:00.0000000,In,2023-10-16 00:00:00.0000000,In,Southern California Assn. of Govts.,6th Cycle
BREA,Orange,6L,Adopted,2022-08-17 00:00:00.0000000,In,2022-09-08 00:00:00.0000000,In,Southern California Assn. of Govts.,6th Cycle
BRENTWOOD,Contra Costa,6S,Adopted,2024-02-14 00:00:00.0000000,In,2024-04-12 00:00:00.0000000,In,Assn. of Bay Area Govts.,6th Cycle
BRISBANE,San Mateo,6S,Adopted,2023-05-19 00:00:00.0000000,In,2023-05-25 00:00:00.0000000,In,Assn. of Bay Area Govts.,6th Cycle
BUELLTON,Santa Barbara,6R,Adopted,2025-06-17 15:04:00.0000000,In,2025-07-08 12:00:00.0000000,In,Santa Barbara County of Govts.,6th Cycle
BUENA PARK,Orange,6L,Adopted,2024-02-14 00:00:00.0000000,In,2024-02-29 00:00:00.0000000,In,Southern California Assn. of Govts.,6th Cycle
BURBANK,Los Angeles,6L,Adopted,2022-09-28 00:00:00.0000000,In,2022-10-07 00:00:00.0000000,In,Southern California Assn. of Govts.,6th Cycle
BURLINGAME,San Mateo,6S,Adopted,2024-03-15 00:00:00.0000000,In,2024-03-20 00:00:00.0000000,In,Assn. of Bay Area Govts.,6th Cycle
BUTTE COUNTY,Butte,6Q,Adopted,2023-01-25 00:00:00.0000000,In,2023-02-22 00:00:00.0000000,In,Butte County Assn. of Govts.,6th Cycle
CALABASAS,Los Angeles,6L,Adopted,2022-04-01 00:00:00.0000000,In,2022-04-25 00:00:00.0000000,In,Southern California Assn. of Govts.,6th Cycle
CALAVERAS COUNTY,Calaveras,6A,Adopted,2019-09-13 00:00:00.0000000,In,2019-10-22 00:00:00.0000000,In,Calaveras County Jurisdictions,6th Cycle
CALEXICO,Imperial,6L,Subsequent Draft,2022-07-13 00:00:00.0000000,Out,2022-09-09 00:00:00.0000000,Out,Southern California Assn. of Govts.,6th Cycle
CALIFORNIA CITY,Kern,6U,Adopted,2026-06-01 13:01:00.0000000,In Review,,Out,Kern Council of Govts.,6th Cycle
CALIMESA,Riverside,6L,Adopted,2024-08-27 00:00:00.0000000,In,2024-10-04 00:00:00.0000000,In,Southern California Assn. of Govts.,6th Cycle
CALIPATRIA,Imperial,6L,Adopted,2022-08-05 00:00:00.0000000,In,2022-09-30 00:00:00.0000000,In,Southern California Assn. of Govts.,6th Cycle
CALISTOGA,Napa,6S,Adopted,2023-08-10 00:00:00.0000000,In,2023-10-09 00:00:00.0000000,In,Assn. of Bay Area Govts.,6th Cycle
CAMARILLO,Ventura,6L,Adopted,2023-03-23 00:00:00.0000000,In,2023-04-14 00:00:00.0000000,In,Southern California Assn. of Govts.,6th Cycle
CAMPBELL,Santa Clara,6S,Adopted,2023-04-26 00:00:00.0000000,In,2023-05-30 00:00:00.0000000,In,Assn. of Bay Area Govts.,6th Cycle
CANYON LAKE,Riverside,6L,Adopted,2025-12-15 07:27:00.0000000,In,2025-12-31 12:00:00.0000000,In,Southern California Assn. of Govts.,6th Cycle
CAPITOLA,Santa Cruz,6T,Adopted,2024-08-27 00:00:00.0000000,In,2024-08-30 00:00:00.0000000,In,Assn. of Montery Bay Area Govts.,6th Cycle
CARLSBAD,San Diego,6I,Adopted,2021-04-15 00:00:00.0000000,In,2021-07-13 00:00:00.0000000,In,San Diego Assn. of Govts.,6th Cycle
CARMEL,Monterey,6T,Subsequent Draft,2026-03-30 10:07:00.0000000,In,2026-05-28 12:00:00.0000000,In,Assn. of Montery Bay Area Govts.,6th Cycle
CARPINTERIA,Santa Barbara,6R,Adopted,2024-12-12 07:34:00.0000000,In,2025-01-30 12:00:00.0000000,In,Santa Barbara County of Govts.,6th Cycle
CARSON,Los Angeles,6L,Adopted,2025-06-18 10:37:00.0000000,In,2025-06-25 12:00:00.0000000,In,Southern California Assn. of Govts.,6th Cycle
CATHEDRAL,Riverside,6L,Adopted,2023-07-10 00:00:00.0000000,In,2023-07-26 00:00:00.0000000,In,Southern California Assn. of Govts.,6th Cycle
CERES,Stanislaus,6U,Adopted,2025-03-26 12:13:00.0000000,In,2025-05-22 12:00:00.0000000,In,Stanislaus Council of Govts.,6th Cycle
CERRITOS,Los Angeles,6L,Adopted,2022-07-29 00:00:00.0000000,In,2022-09-01 00:00:00.0000000,In,Southern California Assn. of Govts.,6th Cycle
CHICO,Butte,6Q,Adopted,2023-09-25 00:00:00.0000000,In,2023-11-06 00:00:00.0000000,In,Butte County Assn. of Govts.,6th Cycle
CHINO,San Bernardino,6L,Adopted,2024-12-06 09:11:00.0000000,In,2024-12-26 12:00:00.0000000,In,Southern California Assn. of Govts.,6th Cycle
CHINO HILLS,San Bernardino,6L,Adopted,2022-08-17 00:00:00.0000000,In,2022-09-08 00:00:00.0000000,In,Southern California Assn. of Govts.,6th Cycle
CHOWCHILLA,Madera,6V,Adopted,2024-09-11 00:00:00.0000000,In,2024-10-04 00:00:00.0000000,In,Non COG- HCD-COG,6th Cycle
CHULA VISTA,San Diego,6I,Adopted,2022-08-29 00:00:00.0000000,In,2022-10-28 00:00:00.0000000,In,San Diego Assn. of Govts.,6th Cycle
CITRUS HEIGHTS,Sacramento,6K,Adopted,2021-05-28 00:00:00.0000000,In,2021-08-18 00:00:00.0000000,In,Sacramento Area Council of Govts.,6th Cycle
CLAREMONT,Los Angeles,6L,Adopted,2024-07-22 00:00:00.0000000,In,2024-09-10 00:00:00.0000000,In,Southern California Assn. of Govts.,6th Cycle
CLAYTON,Contra Costa,6S,Adopted,2026-02-12 07:48:00.0000000,In,2026-04-13 12:00:00.0000000,In,Assn. of Bay Area Govts.,6th Cycle
CLEARLAKE,Lake,6B,Adopted,2019-10-28 00:00:00.0000000,In,2019-12-05 00:00:00.0000000,In,Lake County City Areawide Planning Council,6th Cycle
CLOVERDALE,Sonoma,6S,Adopted,2023-07-31 00:00:00.0000000,In,2023-09-26 00:00:00.0000000,In,Assn. of Bay Area Govts.,6th Cycle
CLOVIS,Fresno,6U,Adopted,2024-11-12 07:52:00.0000000,In,2024-12-17 12:00:00.0000000,In,Council of Fresno County Govts.,6th Cycle
COACHELLA,Riverside,6L,Adopted,2025-09-15 08:36:00.0000000,In,2025-09-16 12:00:00.0000000,In,Southern California Assn. of Govts.,6th Cycle
COALINGA,Fresno,6U,Adopted,2024-08-19 00:00:00.0000000,In,2024-10-02 00:00:00.0000000,In,Council of Fresno County Govts.,6th Cycle
COLFAX,Placer,6K,Adopted,2021-10-05 00:00:00.0000000,In,2021-12-27 00:00:00.0000000,In,Sacramento Area Council of Govts.,6th Cycle
COLMA,San Mateo,6S,Adopted,2024-01-11 00:00:00.0000000,In,2024-03-11 00:00:00.0000000,In,Assn. of Bay Area Govts.,6th Cycle
COLTON,San Bernardino,6L,Adopted,2026-03-10 12:34:00.0000000,In,2026-05-07 12:00:00.0000000,In,Southern California Assn. of Govts.,6th Cycle
COLUSA,Colusa,6F,Adopted,2020-12-30 00:00:00.0000000,In,2021-03-01 00:00:00.0000000,In,Colusa County Jurisdictions,6th Cycle
COLUSA COUNTY,Colusa,6F,Adopted,2020-07-08 00:00:00.0000000,In,2020-07-17 00:00:00.0000000,In,Colusa County Jurisdictions,6th Cycle
COMMERCE,Los Angeles,6L,Adopted,2025-10-30 09:35:00.0000000,In,2025-12-24 12:00:00.0000000,In,Southern California Assn. of Govts.,6th Cycle
COMPTON,Los Angeles,6L,Subsequent Draft,2025-01-06 12:00:00.0000000,Out,2025-03-07 12:00:00.0000000,Out,Southern California Assn. of Govts.,6th Cycle
CONCORD,Contra Costa,6S,Adopted,2023-09-15 00:00:00.0000000,In,2023-10-20 00:00:00.0000000,In,Assn. of Bay Area Govts.,6th Cycle
CONTRA COSTA COUNTY,Contra Costa,6S,Adopted,2023-12-13 09:37:00.0000000,In,2024-01-22 00:00:00.0000000,In,Assn. of Bay Area Govts.,6th Cycle
CORCORAN,Kings,6V,Adopted,2026-05-20 13:03:00.0000000,In,2026-06-04 12:00:00.0000000,In,Kings County Assn. of Govts.,6th Cycle
CORNING,Tehama,7A,Adopted,2025-02-14 15:53:00.0000000,In,2025-03-04 12:00:00.0000000,In,Tehama County Jurisdictions,7th Cycle
CORONA,Riverside,6L,Adopted,2022-10-04 00:00:00.0000000,In,2022-10-12 00:00:00.0000000,In,Southern California Assn. of Govts.,6th Cycle
CORONADO,San Diego,6I,Adopted,2024-08-21 00:00:00.0000000,In,2024-08-29 00:00:00.0000000,In,San Diego Assn. of Govts.,6th Cycle
CORTE MADERA,Marin,6S,Adopted,2023-06-21 00:00:00.0000000,In,2023-08-15 00:00:00.0000000,In,Assn. of Bay Area Govts.,6th Cycle
COSTA MESA,Orange,6L,Adopted,2023-03-10 00:00:00.0000000,Out,2023-05-09 00:00:00.0000000,Out,Southern California Assn. of Govts.,6th Cycle
COTATI,Sonoma,6S,Adopted,2023-04-03 00:00:00.0000000,In,2023-06-02 00:00:00.0000000,In,Assn. of Bay Area Govts.,6th Cycle
COVINA,Los Angeles,6L,Adopted,2024-02-15 00:00:00.0000000,In,2024-02-29 00:00:00.0000000,In,Southern California Assn. of Govts.,6th Cycle
CRESCENT CITY,Del Norte,6O,Adopted,2023-09-18 00:00:00.0000000,In,2023-11-17 00:00:00.0000000,In,Del Norte County Jurisdictions,6th Cycle
CUDAHY,Los Angeles,6L,Adopted,2023-09-14 00:00:00.0000000,In,2023-11-13 00:00:00.0000000,In,Southern California Assn. of Govts.,6th Cycle
CULVER CITY,Los Angeles,6L,Adopted,2022-08-11 00:00:00.0000000,In,2022-10-10 00:00:00.0000000,In,Southern California Assn. of Govts.,6th Cycle
CUPERTINO,Santa Clara,6S,Adopted,2024-07-12 00:00:00.0000000,In,2024-09-04 00:00:00.0000000,In,Assn. of Bay Area Govts.,6th Cycle
CYPRESS,Orange,6L,Adopted,2022-07-12 00:00:00.0000000,In,2022-09-09 00:00:00.0000000,In,Southern California Assn. of Govts.,6th Cycle
DALY CITY,San Mateo,6S,Adopted,2024-11-13 08:37:00.0000000,In,2024-12-03 12:00:00.0000000,In,Assn. of Bay Area Govts.,6th Cycle
DANA POINT,Orange,6L,Adopted,2022-09-23 00:00:00.0000000,In,2022-10-20 00:00:00.0000000,In,Southern California Assn. of Govts.,6th Cycle
DANVILLE,Contra Costa,6S,Adopted,2024-02-09 00:00:00.0000000,In,2024-04-09 00:00:00.0000000,In,Assn. of Bay Area Govts.,6th Cycle
DAVIS,Yolo,6K,Adopted,2023-12-14 00:00:00.0000000,In,2024-02-08 00:00:00.0000000,In,Sacramento Area Council of Govts.,6th Cycle
DEL MAR,San Diego,6I,Adopted,2023-04-06 00:00:00.0000000,In,2023-05-31 00:00:00.0000000,In,San Diego Assn. of Govts.,6th Cycle
DEL NORTE COUNTY,Del Norte,6O,Adopted,2023-02-15 00:00:00.0000000,In,2023-02-24 00:00:00.0000000,In,Del Norte County Jurisdictions,6th Cycle
DEL REY OAKS,Monterey,6T,Adopted,2025-08-08 07:45:00.0000000,In,2025-08-26 12:00:00.0000000,In,Assn. of Montery Bay Area Govts.,6th Cycle
DELANO,Kern,6U,Adopted,2025-11-05 07:25:00.0000000,In,2025-12-09 12:00:00.0000000,In,Kern Council of Govts.,6th Cycle
DESERT HOT SPRINGS,Riverside,6L,Adopted,2025-11-14 08:36:00.0000000,In,2025-12-19 12:00:00.0000000,In,Southern California Assn. of Govts.,6th Cycle
DIAMOND BAR,Los Angeles,6L,Adopted,2022-08-12 00:00:00.0000000,In,2022-10-05 00:00:00.0000000,In,Southern California Assn. of Govts.,6th Cycle
DINUBA,Tulare,6U,Adopted,2026-02-02 10:23:00.0000000,In,2026-03-05 12:00:00.0000000,In,Tulare County Assn. of Govts.,6th Cycle
DIXON,Solano,6S,Adopted,2023-03-27 00:00:00.0000000,In,2023-05-24 00:00:00.0000000,In,Assn. of Bay Area Govts.,6th Cycle
DORRIS,Siskiyou,6R,Adopted,2024-04-16 00:00:00.0000000,In,2024-06-12 00:00:00.0000000,In,Siskiyou County Jurisdictions,6th Cycle
DOS PALOS,Merced,6V,Adopted,2026-04-16 09:37:00.0000000,In Review,,Out,Merced County Assn. of Govts.,6th Cycle
DOWNEY,Los Angeles,6L,Adopted,2022-10-13 00:00:00.0000000,In,2022-10-14 00:00:00.0000000,In,Southern California Assn. of Govts.,6th Cycle
DUARTE,Los Angeles,6L,Adopted,2022-01-31 00:00:00.0000000,In,2022-02-09 00:00:00.0000000,In,Southern California Assn. of Govts.,6th Cycle
DUBLIN,Alameda,6S,Adopted,2023-11-22 00:00:00.0000000,In,2024-01-19 00:00:00.0000000,In,Assn. of Bay Area Govts.,6th Cycle
DUNSMUIR,Siskiyou,6R,Adopted,2024-04-26 00:00:00.0000000,In,2024-06-21 00:00:00.0000000,In,Siskiyou County Jurisdictions,6th Cycle
EAST PALO ALTO,San Mateo,6S,Adopted,2024-03-21 00:00:00.0000000,In,2024-04-29 00:00:00.0000000,In,Assn. of Bay Area Govts.,6th Cycle
EASTVALE,Riverside,6L,Adopted,2022-05-06 00:00:00.0000000,In,2022-06-21 00:00:00.0000000,In,Southern California Assn. of Govts.,6th Cycle
EL CAJON,San Diego,6I,Adopted,2022-10-13 00:00:00.0000000,In,2022-10-27 00:00:00.0000000,In,San Diego Assn. of Govts.,6th Cycle
EL CENTRO,Imperial,6L,Adopted,2022-02-18 00:00:00.0000000,In,2022-04-11 00:00:00.0000000,In,Southern California Assn. of Govts.,6th Cycle
EL CERRITO,Contra Costa,6S,Adopted,2023-08-17 00:00:00.0000000,In,2023-08-22 00:00:00.0000000,In,Assn. of Bay Area Govts.,6th Cycle
EL DORADO COUNTY,El Dorado,6K,Adopted,2022-03-23 00:00:00.0000000,In,2022-05-10 00:00:00.0000000,In,Sacramento Area Council of Govts.,6th Cycle
EL MONTE,Los Angeles,6L,Adopted,2022-08-02 00:00:00.0000000,In,2022-09-30 00:00:00.0000000,In,Southern California Assn. of Govts.,6th Cycle
EL SEGUNDO,Los Angeles,6L,Adopted,2024-05-16 00:00:00.0000000,In,2024-07-15 00:00:00.0000000,In,Southern California Assn. of Govts.,6th Cycle
ELK GROVE,Sacramento,6K,Adopted,2021-12-13 00:00:00.0000000,In,2022-02-16 00:00:00.0000000,In,Sacramento Area Council of Govts.,6th Cycle
EMERYVILLE,Alameda,6S,Adopted,2023-01-20 00:00:00.0000000,In,2023-02-03 00:00:00.0000000,In,Assn. of Bay Area Govts.,6th Cycle
ENCINITAS,San Diego,6I,Adopted,2021-04-14 00:00:00.0000000,In,2021-07-13 00:00:00.0000000,In,San Diego Assn. of Govts.,6th Cycle
ESCALON,San Joaquin,6U,Subsequent Draft,2026-04-28 13:14:00.0000000,In Review,,Out,San Joaquin Council of Govts.,6th Cycle
ESCONDIDO,San Diego,6I,Adopted,2023-10-13 00:00:00.0000000,In,2023-12-12 00:00:00.0000000,In,San Diego Assn. of Govts.,6th Cycle
ETNA,Siskiyou,6R,Adopted,2024-04-03 00:00:00.0000000,In,2024-05-31 00:00:00.0000000,In,Siskiyou County Jurisdictions,6th Cycle
EUREKA,Humboldt,6C,Adopted,2022-11-03 00:00:00.0000000,In,2022-11-10 00:00:00.0000000,In,Humbolt County Assn of Govts.,6th Cycle
EXETER,Tulare,6U,Subsequent Draft,2026-04-09 11:15:00.0000000,Out,2026-05-05 12:00:00.0000000,Out,Tulare County Assn. of Govts.,6th Cycle
FAIRFAX,Marin,6S,Adopted,2024-03-14 00:00:00.0000000,In,2024-04-08 00:00:00.0000000,In,Assn. of Bay Area Govts.,6th Cycle
FAIRFIELD,Solano,6S,Adopted,2023-02-09 00:00:00.0000000,In,2023-04-10 00:00:00.0000000,In,Assn. of Bay Area Govts.,6th Cycle
FARMERSVILLE,Tulare,6U,Adopted,2026-02-11 11:50:00.0000000,In,2026-02-12 12:00:00.0000000,In,Tulare County Assn. of Govts.,6th Cycle
FERNDALE,Humboldt,6C,Adopted,2019-10-29 00:00:00.0000000,In,2019-12-11 00:00:00.0000000,In,Humbolt County Assn of Govts.,6th Cycle
FILLMORE,Ventura,6L,Adopted,2025-10-02 11:08:00.0000000,In,2025-10-21 12:00:00.0000000,In,Southern California Assn. of Govts.,6th Cycle
FIREBAUGH,Fresno,6U,Adopted,2024-07-03 00:00:00.0000000,In,2024-07-24 00:00:00.0000000,In,Council of Fresno County Govts.,6th Cycle
FOLSOM,Sacramento,6K,Adopted,2021-08-27 00:00:00.0000000,In,2021-10-22 00:00:00.0000000,In,Sacramento Area Council of Govts.,6th Cycle
FONTANA,San Bernardino,6L,Adopted,2022-07-29 00:00:00.0000000,In,2022-08-09 00:00:00.0000000,In,Southern California Assn. of Govts.,6th Cycle
FORT BRAGG,Mendocino,6B,Adopted,2019-09-24 00:00:00.0000000,In,2019-12-12 00:00:00.0000000,In,Mendocino Counsil of Govts.,6th Cycle
FORT JONES,Siskiyou,6R,Adopted,2024-10-23 00:00:00.0000000,In,2024-11-13 12:00:00.0000000,In,Siskiyou County Jurisdictions,6th Cycle
FORTUNA,Humboldt,6C,Adopted,2019-08-26 00:00:00.0000000,In,2019-09-16 00:00:00.0000000,In,Humbolt County Assn of Govts.,6th Cycle
FOSTER CITY,San Mateo,6S,Adopted,2024-03-21 00:00:00.0000000,In,2024-04-18 00:00:00.0000000,In,Assn. of Bay Area Govts.,6th Cycle
FOUNTAIN VALLEY,Orange,6L,Subsequent Draft,2024-09-06 00:00:00.0000000,In,2024-11-05 12:00:00.0000000,In,Southern California Assn. of Govts.,6th Cycle
FOWLER,Fresno,6U,Adopted,2024-10-04 00:00:00.0000000,In,2024-10-28 00:00:00.0000000,In,Council of Fresno County Govts.,6th Cycle
FREMONT,Alameda,6S,Adopted,2023-01-23 00:00:00.0000000,In,2023-03-22 00:00:00.0000000,In,Assn. of Bay Area Govts.,6th Cycle
FRESNO,Fresno,6U,Adopted,2024-12-16 07:54:00.0000000,In,2025-01-21 12:00:00.0000000,In,Council of Fresno County Govts.,6th Cycle
FRESNO COUNTY,Fresno,6U,Adopted,2025-08-21 15:26:00.0000000,In,2025-09-24 12:00:00.0000000,In,Council of Fresno County Govts.,6th Cycle
FULLERTON,Orange,6L,Adopted,2025-01-10 08:10:00.0000000,In,2025-02-27 12:00:00.0000000,In,Southern California Assn. of Govts.,6th Cycle
GALT,Sacramento,6K,Adopted,2022-05-04 00:00:00.0000000,In,2022-05-12 00:00:00.0000000,In,Sacramento Area Council of Govts.,6th Cycle
GARDEN GROVE,Orange,6L,Adopted,2023-10-13 00:00:00.0000000,In,2023-12-12 00:00:00.0000000,In,Southern California Assn. of Govts.,6th Cycle
GARDENA,Los Angeles,6L,Adopted,2023-02-17 00:00:00.0000000,In,2023-02-27 00:00:00.0000000,In,Southern California Assn. of Govts.,6th Cycle
GILROY,Santa Clara,6S,Adopted,2023-08-09 00:00:00.0000000,In,2023-08-21 00:00:00.0000000,In,Assn. of Bay Area Govts.,6th Cycle
GLENDALE,Los Angeles,6L,Adopted,2023-02-16 00:00:00.0000000,In,2023-02-27 00:00:00.0000000,In,Southern California Assn. of Govts.,6th Cycle
GLENDORA,Los Angeles,6L,Adopted,2023-07-14 00:00:00.0000000,In,2023-08-10 00:00:00.0000000,In,Southern California Assn. of Govts.,6th Cycle
GLENN COUNTY,Glenn,6N,Adopted,2024-11-05 12:49:00.0000000,In,2024-11-01 12:00:00.0000000,In,Glenn County Jurisdictions,6th Cycle
GOLETA,Santa Barbara,6R,Adopted,2023-12-07 00:00:00.0000000,In,2024-02-05 00:00:00.0000000,In,Santa Barbara County of Govts.,6th Cycle
GONZALES,Monterey,6T,Adopted,2025-08-05 07:06:00.0000000,In,2025-09-22 12:00:00.0000000,In,Assn. of Montery Bay Area Govts.,6th Cycle
GRAND TERRACE,San Bernardino,6L,Adopted,2025-04-01 07:36:00.0000000,Out,2025-05-22 12:00:00.0000000,Out,Southern California Assn. of Govts.,6th Cycle
GRASS VALLEY,Nevada,6B,Adopted,2019-08-16 00:00:00.0000000,In,2019-10-02 00:00:00.0000000,In,Nevada County Jurisdictions,6th Cycle
GREENFIELD,Monterey,6T,Adopted,2025-07-25 13:17:00.0000000,In,2025-08-11 12:00:00.0000000,In,Assn. of Montery Bay Area Govts.,6th Cycle
GRIDLEY,Butte,6Q,Adopted,2025-12-11 07:26:00.0000000,In,2025-12-30 12:00:00.0000000,In,Butte County Assn. of Govts.,6th Cycle
GROVER BEACH,San Luis Obispo,6F,Adopted,2020-12-02 00:00:00.0000000,In,2021-03-02 00:00:00.0000000,In,San Luis Obispo Counsil of Govts.,6th Cycle
GUADALUPE,Santa Barbara,6R,Adopted,2025-05-29 08:03:00.0000000,In,2025-06-30 12:00:00.0000000,In,Santa Barbara County of Govts.,6th Cycle
GUSTINE,Merced,6V,Adopted,2025-10-23 07:20:00.0000000,In,2025-12-18 12:00:00.0000000,In,Merced County Assn. of Govts.,6th Cycle
HALF MOON BAY,San Mateo,6S,Adopted,2025-12-05 08:44:00.0000000,Out,2026-02-02 12:00:00.0000000,Out,Assn. of Bay Area Govts.,6th Cycle
HANFORD,Kings,6V,Adopted,2026-05-27 07:23:00.0000000,In,2026-06-04 12:00:00.0000000,In,Kings County Assn. of Govts.,6th Cycle
HAWAIIAN GARDENS,Los Angeles,6L,Adopted,2024-12-13 09:44:00.0000000,In,2025-02-10 12:00:00.0000000,In,Southern California Assn. of Govts.,6th Cycle
HAWTHORNE,Los Angeles,6L,Adopted,2022-08-15 00:00:00.0000000,In,2022-10-12 00:00:00.0000000,In,Southern California Assn. of Govts.,6th Cycle
HAYWARD,Alameda,6S,Adopted,2023-06-07 00:00:00.0000000,In,2023-07-27 00:00:00.0000000,In,Assn. of Bay Area Govts.,6th Cycle
HEALDSBURG,Sonoma,6S,Adopted,2023-05-02 00:00:00.0000000,In,2023-06-29 00:00:00.0000000,In,Assn. of Bay Area Govts.,6th Cycle
HEMET,Riverside,6L,Adopted,2024-04-30 00:00:00.0000000,In,2024-06-25 00:00:00.0000000,In,Southern California Assn. of Govts.,6th Cycle
HERCULES,Contra Costa,6S,Adopted,2024-12-16 14:29:00.0000000,In,2025-01-09 12:00:00.0000000,In,Assn. of Bay Area Govts.,6th Cycle
HERMOSA BEACH,Los Angeles,6L,Adopted,2024-07-31 00:00:00.0000000,In,2024-08-01 00:00:00.0000000,In,Southern California Assn. of Govts.,6th Cycle
HESPERIA,San Bernardino,6L,Adopted,2025-11-06 09:13:00.0000000,In,2025-12-18 12:00:00.0000000,In,Southern California Assn. of Govts.,6th Cycle
HIDDEN HILLS,Los Angeles,6L,Adopted,2025-12-15 09:34:00.0000000,In,2025-12-18 12:00:00.0000000,In,Southern California Assn. of Govts.,6th Cycle
HIGHLAND,San Bernardino,6L,Adopted,2023-06-23 00:00:00.0000000,In,2023-08-18 00:00:00.0000000,In,Southern California Assn. of Govts.,6th Cycle
HILLSBOROUGH,San Mateo,6S,Adopted,2024-02-01 00:00:00.0000000,In,2024-03-28 00:00:00.0000000,In,Assn. of Bay Area Govts.,6th Cycle
HOLLISTER,San Benito,6T,Adopted,2026-05-08 10:51:00.0000000,In Review,,Out,San Benito County Council of Govts.,6th Cycle
HOLTVILLE,Imperial,6L,Adopted,2022-06-13 00:00:00.0000000,In,2022-07-22 00:00:00.0000000,In,Southern California Assn. of Govts.,6th Cycle
HUGHSON,Stanislaus,6U,Subsequent Draft,2026-05-20 09:23:00.0000000,In Review,,Out,Stanislaus Council of Govts.,6th Cycle
HUMBOLDT COUNTY,Humboldt,6C,Adopted,2019-08-27 00:00:00.0000000,In,2019-10-22 00:00:00.0000000,In,Humbolt County Assn of Govts.,6th Cycle
HUNTINGTON BEACH,Orange,6L,Subsequent Draft,2026-01-21 07:00:00.0000000,Out,2026-03-06 12:00:00.0000000,Out,Southern California Assn. of Govts.,6th Cycle
HUNTINGTON PARK,Los Angeles,6L,Adopted,2024-02-01 00:00:00.0000000,In,2024-02-07 00:00:00.0000000,In,Southern California Assn. of Govts.,6th Cycle
HURON,Fresno,6U,Adopted,2024-06-26 00:00:00.0000000,In,2024-07-12 00:00:00.0000000,In,Council of Fresno County Govts.,6th Cycle
IMPERIAL,Imperial,6L,Adopted,2022-09-22 00:00:00.0000000,In,2022-09-30 00:00:00.0000000,In,Southern California Assn. of Govts.,6th Cycle
IMPERIAL BEACH,San Diego,6I,Adopted,2021-06-28 00:00:00.0000000,In,2021-09-20 00:00:00.0000000,In,San Diego Assn. of Govts.,6th Cycle
IMPERIAL COUNTY,Imperial,6L,Adopted,2022-02-17 00:00:00.0000000,In,2022-03-16 00:00:00.0000000,In,Southern California Assn. of Govts.,6th Cycle
INDIAN WELLS,Riverside,6L,Adopted,2024-06-24 00:00:00.0000000,In,2024-07-30 00:00:00.0000000,In,Southern California Assn. of Govts.,6th Cycle
INDIO,Riverside,6L,Adopted,2022-04-08 00:00:00.0000000,In,2022-04-20 00:00:00.0000000,In,Southern California Assn. of Govts.,6th Cycle
INDUSTRY,Los Angeles,6L,Adopted,2023-07-13 00:00:00.0000000,In,2023-09-11 00:00:00.0000000,In,Southern California Assn. of Govts.,6th Cycle
INGLEWOOD,Los Angeles,6L,Adopted,2023-10-04 00:00:00.0000000,In,2023-11-29 00:00:00.0000000,In,Southern California Assn. of Govts.,6th Cycle
INYO COUNTY,Inyo,6H,Adopted,2023-09-29 00:00:00.0000000,In,2023-10-30 00:00:00.0000000,In,Inyo County Jurisdictions,6th Cycle
IONE,Amador,6G,Adopted,2024-12-20 07:42:00.0000000,In,2025-02-12 12:00:00.0000000,In,Amador County Jurisdictions,6th Cycle
IRVINE,Orange,6L,Adopted,2022-05-12 00:00:00.0000000,In,2022-05-24 00:00:00.0000000,In,Southern California Assn. of Govts.,6th Cycle
IRWINDALE,Los Angeles,6L,Adopted,2025-09-23 07:34:00.0000000,In,2025-10-10 12:00:00.0000000,In,Southern California Assn. of Govts.,6th Cycle
ISLETON,Sacramento,6K,Adopted,2022-10-06 00:00:00.0000000,In,2022-12-05 00:00:00.0000000,In,Sacramento Area Council of Govts.,6th Cycle
JACKSON,Amador,6S,Adopted,2024-12-09 10:04:00.0000000,In,2025-02-06 12:00:00.0000000,In,Central Sierra Planning Council and Economic Development District,6th Cycle
JURUPA VALLEY,Riverside,6L,Adopted,2022-02-22 00:00:00.0000000,In,2022-04-21 00:00:00.0000000,In,Southern California Assn. of Govts.,6th Cycle
KERMAN,Fresno,6U,Adopted,2024-06-14 00:00:00.0000000,In,2024-07-05 00:00:00.0000000,In,Council of Fresno County Govts.,6th Cycle
KERN COUNTY,Kern,6U,Adopted,2025-05-28 12:00:00.0000000,In,2025-06-30 12:00:00.0000000,In,Kern Council of Govts.,6th Cycle
KING CITY,Monterey,6T,Adopted,2025-02-12 14:01:00.0000000,In,2025-02-19 12:00:00.0000000,In,Assn. of Montery Bay Area Govts.,6th Cycle
KINGS COUNTY,Kings,6V,Adopted,2026-05-19 14:32:00.0000000,In,2026-06-04 12:00:00.0000000,In,Kings County Assn. of Govts.,6th Cycle
KINGSBURG,Fresno,6U,Adopted,2025-10-17 11:09:00.0000000,In,2025-12-15 12:00:00.0000000,In,Council of Fresno County Govts.,6th Cycle
LA CANADA FLINTRIDGE,Los Angeles,6L,Adopted,2023-09-19 00:00:00.0000000,In,2023-11-17 00:00:00.0000000,In,Southern California Assn. of Govts.,6th Cycle
LA HABRA,Orange,6L,Adopted,2023-02-22 00:00:00.0000000,In,2023-04-21 00:00:00.0000000,In,Southern California Assn. of Govts.,6th Cycle
LA HABRA HEIGHTS,Los Angeles,6L,Adopted,2025-08-01 07:43:00.0000000,In,2025-09-03 12:00:00.0000000,In,Southern California Assn. of Govts.,6th Cycle
LA MESA,San Diego,6I,Adopted,2023-05-08 00:00:00.0000000,In,2023-07-06 00:00:00.0000000,In,San Diego Assn. of Govts.,6th Cycle
LA MIRADA,Los Angeles,6L,Adopted,2025-01-24 09:50:00.0000000,In,2025-03-24 12:00:00.0000000,In,Southern California Assn. of Govts.,6th Cycle
LA PALMA,Orange,6L,Adopted,2024-04-03 00:00:00.0000000,In,2024-05-20 00:00:00.0000000,In,Southern California Assn. of Govts.,6th Cycle
LA PUENTE,Los Angeles,6L,Adopted,2022-08-09 00:00:00.0000000,In,2022-10-07 00:00:00.0000000,Enforcement Out,Southern California Assn. of Govts.,6th Cycle
LA QUINTA,Riverside,6L,Adopted,2024-02-28 00:00:00.0000000,In,2024-03-26 00:00:00.0000000,In,Southern California Assn. of Govts.,6th Cycle
LA VERNE,Los Angeles,6L,Adopted,2022-12-07 00:00:00.0000000,In,2022-12-21 00:00:00.0000000,In,Southern California Assn. of Govts.,6th Cycle
LAFAYETTE,Contra Costa,6S,Adopted,2025-01-30 14:26:00.0000000,In,2025-03-28 12:00:00.0000000,In,Assn. of Bay Area Govts.,6th Cycle
LAGUNA BEACH,Orange,6L,Adopted,2023-01-27 00:00:00.0000000,In,2023-02-07 00:00:00.0000000,In,Southern California Assn. of Govts.,6th Cycle
LAGUNA HILLS,Orange,6L,Adopted,2024-03-27 00:00:00.0000000,In,2024-05-23 00:00:00.0000000,In,Southern California Assn. of Govts.,6th Cycle
LAGUNA NIGUEL,Orange,6L,Adopted,2024-02-16 00:00:00.0000000,In,2024-02-22 00:00:00.0000000,In,Southern California Assn. of Govts.,6th Cycle
LAGUNA WOODS,Orange,6L,Adopted,2024-09-25 00:00:00.0000000,In,2024-10-28 00:00:00.0000000,In,Southern California Assn. of Govts.,6th Cycle
LAKE COUNTY,Lake,6B,Adopted,2020-06-18 11:07:00.0000000,In,2020-09-16 00:00:00.0000000,In,Lake County City Areawide Planning Council,6th Cycle
LAKE ELSINORE,Riverside,6L,Adopted,2022-08-25 00:00:00.0000000,In,2022-10-24 00:00:00.0000000,In,Southern California Assn. of Govts.,6th Cycle
LAKE FOREST,Orange,6L,Adopted,2023-01-06 00:00:00.0000000,In,2023-02-24 00:00:00.0000000,In,Southern California Assn. of Govts.,6th Cycle
LAKEPORT,Lake,6B,Adopted,2020-07-20 00:00:00.0000000,In,2020-07-28 00:00:00.0000000,In,Lake County City Areawide Planning Council,6th Cycle
LAKEWOOD,Los Angeles,6L,Adopted,2022-08-12 00:00:00.0000000,In,2022-09-16 00:00:00.0000000,In,Southern California Assn. of Govts.,6th Cycle
LANCASTER,Los Angeles,6L,Adopted,2023-01-13 00:00:00.0000000,In,2023-02-09 00:00:00.0000000,In,Southern California Assn. of Govts.,6th Cycle
LARKSPUR,Marin,6S,Adopted,2024-09-19 00:00:00.0000000,In,2024-10-08 00:00:00.0000000,In,Assn. of Bay Area Govts.,6th Cycle
LASSEN COUNTY,Lassen,7A,Adopted,2025-07-14 09:32:00.0000000,In,2025-09-10 12:00:00.0000000,In,Non COG Jurisdictions,7th Cycle
LATHROP,San Joaquin,6U,Adopted,2025-02-21 08:32:00.0000000,In,2025-04-22 12:00:00.0000000,In,San Joaquin Council of Govts.,6th Cycle
LAWNDALE,Los Angeles,6L,Adopted,2022-10-06 00:00:00.0000000,In,2022-10-13 00:00:00.0000000,In,Southern California Assn. of Govts.,6th Cycle
LEMON GROVE,San Diego,6I,Adopted,2024-06-20 00:00:00.0000000,In,2024-07-08 00:00:00.0000000,In,San Diego Assn. of Govts.,6th Cycle
LEMOORE,Kings,6V,Subsequent Draft,2026-03-26 15:20:00.0000000,In,2026-05-20 12:00:00.0000000,Out,Kings County Assn. of Govts.,6th Cycle
LINCOLN,Placer,6K,Adopted,2021-05-21 00:00:00.0000000,In,2021-08-12 00:00:00.0000000,In,Sacramento Area Council of Govts.,6th Cycle
LINDSAY,Tulare,6U,Adopted,2025-12-26 15:26:00.0000000,In,2026-01-16 12:00:00.0000000,In,Tulare County Assn. of Govts.,6th Cycle
LIVE OAK,Sutter,6K,Subsequent Draft,2026-03-09 07:42:00.0000000,In,2026-05-07 12:00:00.0000000,Out,Sacramento Area Council of Govts.,6th Cycle
LIVERMORE,Alameda,6S,Adopted,2023-03-14 00:00:00.0000000,In,2023-03-24 00:00:00.0000000,In,Assn. of Bay Area Govts.,6th Cycle
LIVINGSTON,Merced,6V,Subsequent Draft,2025-10-13 07:50:00.0000000,Out,2025-12-10 12:00:00.0000000,Out,Merced County Assn. of Govts.,6th Cycle
LODI,San Joaquin,6U,Adopted,2024-03-27 00:00:00.0000000,In,2024-04-11 00:00:00.0000000,In,San Joaquin Council of Govts.,6th Cycle
LOMA LINDA,San Bernardino,6L,Adopted,2024-03-13 00:00:00.0000000,In,2024-05-10 00:00:00.0000000,In,Southern California Assn. of Govts.,6th Cycle
LOMITA,Los Angeles,6L,Adopted,2022-08-15 00:00:00.0000000,In,2022-10-14 00:00:00.0000000,In,Southern California Assn. of Govts.,6th Cycle
LOMPOC,Santa Barbara,6R,Adopted,2024-12-04 14:15:00.0000000,In,2025-01-07 12:00:00.0000000,In,Santa Barbara County of Govts.,6th Cycle
LONG BEACH,Los Angeles,6L,Adopted,2022-02-11 00:00:00.0000000,In,2022-04-08 00:00:00.0000000,In,Southern California Assn. of Govts.,6th Cycle
LOOMIS,Placer,6K,Adopted,2021-08-25 00:00:00.0000000,In,2021-11-19 00:00:00.0000000,In,Sacramento Area Council of Govts.,6th Cycle
LOS ALAMITOS,Orange,6L,Adopted,2023-03-06 00:00:00.0000000,In,2023-05-01 00:00:00.0000000,In,Southern California Assn. of Govts.,6th Cycle
LOS ALTOS,Santa Clara,6S,Adopted,2023-08-18 00:00:00.0000000,In,2023-09-05 00:00:00.0000000,In,Assn. of Bay Area Govts.,6th Cycle
LOS ALTOS HILLS,Santa Clara,6S,Adopted,2025-12-12 08:10:00.0000000,In,2026-02-10 12:00:00.0000000,In,Assn. of Bay Area Govts.,6th Cycle
LOS ANGELES,Los Angeles,6L,Adopted,2022-06-14 00:00:00.0000000,In,2022-06-29 00:00:00.0000000,In,Southern California Assn. of Govts.,6th Cycle
LOS ANGELES COUNTY,Los Angeles,6L,Adopted,2022-05-17 00:00:00.0000000,In,2022-05-27 00:00:00.0000000,In,Southern California Assn. of Govts.,6th Cycle
LOS BANOS,Merced,6V,Adopted,2025-11-26 07:19:00.0000000,In,2025-12-18 12:00:00.0000000,In,Merced County Assn. of Govts.,6th Cycle
LOS GATOS,Santa Clara,6S,Adopted,2024-06-06 00:00:00.0000000,In,2024-07-10 00:00:00.0000000,In,Assn. of Bay Area Govts.,6th Cycle
LOYALTON,Sierra,7A,Adopted,2025-02-20 09:59:00.0000000,In,2025-03-21 12:00:00.0000000,In,Sierra County Jurisdictions,7th Cycle
LYNWOOD,Los Angeles,6L,Adopted,2024-09-19 00:00:00.0000000,In,2024-10-16 00:00:00.0000000,In,Southern California Assn. of Govts.,6th Cycle
MADERA,Madera,6V,Adopted,2026-02-06 07:26:00.0000000,Out,2026-04-07 12:00:00.0000000,Out,Non COG- HCD-COG,6th Cycle
MADERA COUNTY,Madera,6V,Adopted,2025-10-20 09:36:00.0000000,In,2025-12-16 12:00:00.0000000,In,Non COG Jurisdictions,6th Cycle
MALIBU,Los Angeles,6L,Adopted,2024-10-04 00:00:00.0000000,In,2024-12-03 12:00:00.0000000,In,Southern California Assn. of Govts.,6th Cycle
MAMMOTH LAKES,Mono,6B,Adopted,2019-08-26 00:00:00.0000000,In,2019-09-19 00:00:00.0000000,In,Mono County Jurisdictions,6th Cycle
MANHATTAN BEACH,Los Angeles,6L,Adopted,2023-05-31 00:00:00.0000000,In,2023-07-27 00:00:00.0000000,In,Southern California Assn. of Govts.,6th Cycle
MANTECA,San Joaquin,6U,Adopted,2024-10-11 00:00:00.0000000,In,2024-11-06 12:00:00.0000000,In,San Joaquin Council of Govts.,6th Cycle
MARICOPA,Kern,6U,Initial Draft,2025-08-26 12:56:00.0000000,Out,2025-11-24 12:00:00.0000000,Out,Kern Council of Govts.,6th Cycle
MARIN COUNTY,Marin,6S,Adopted,2025-05-05 14:29:00.0000000,In,2025-05-23 12:00:00.0000000,In,Assn. of Bay Area Govts.,6th Cycle
MARINA,Monterey,6T,Adopted,2024-03-19 00:00:00.0000000,In,2024-04-11 00:00:00.0000000,In,Assn. of Montery Bay Area Govts.,6th Cycle
MARIPOSA COUNTY,Mariposa,7A,Adopted,2026-03-23 10:36:00.0000000,In,2026-03-24 12:00:00.0000000,In,Mariposa County Jurisdictions,7th Cycle
MARTINEZ,Contra Costa,6S,Adopted,2025-06-26 08:59:00.0000000,In,2025-08-25 12:00:00.0000000,In,Assn. of Bay Area Govts.,6th Cycle
MARYSVILLE,Yuba,6K,Adopted,2021-12-10 00:00:00.0000000,In,2022-02-02 00:00:00.0000000,In,Sacramento Area Council of Govts.,6th Cycle
MAYWOOD,Los Angeles,6L,Adopted,2023-12-20 00:00:00.0000000,In,2023-12-20 00:00:00.0000000,In,Southern California Assn. of Govts.,6th Cycle
MCFARLAND,Kern,6U,Adopted,2025-03-05 14:20:00.0000000,In,2025-04-02 12:00:00.0000000,In,Kern Council of Govts.,6th Cycle
MENDOCINO COUNTY,Mendocino,6B,Adopted,2020-10-01 00:00:00.0000000,In,2020-12-03 00:00:00.0000000,In,Mendocino Counsil of Govts.,6th Cycle
MENDOTA,Fresno,6U,Adopted,2024-10-04 00:00:00.0000000,In,2024-10-25 00:00:00.0000000,In,Council of Fresno County Govts.,6th Cycle
MENIFEE,Riverside,6L,Adopted,2023-03-10 00:00:00.0000000,In,2023-04-05 00:00:00.0000000,In,Southern California Assn. of Govts.,6th Cycle
MENLO PARK,San Mateo,6S,Adopted,2024-01-24 00:00:00.0000000,In,2024-03-20 00:00:00.0000000,In,Assn. of Bay Area Govts.,6th Cycle
MERCED,Merced,6V,Subsequent Draft,2026-01-16 08:44:00.0000000,Out,2026-03-17 12:00:00.0000000,Out,Merced County Assn. of Govts.,6th Cycle
MERCED COUNTY,Merced,6V,Adopted,2026-05-20 15:47:00.0000000,In,2026-06-04 12:00:00.0000000,In,Merced County Assn. of Govts.,6th Cycle
MILL VALLEY,Marin,6S,Adopted,2023-10-27 00:00:00.0000000,In,2023-12-22 00:00:00.0000000,In,Assn. of Bay Area Govts.,6th Cycle
MILLBRAE,San Mateo,6S,Adopted,2024-02-28 00:00:00.0000000,In,2024-03-01 00:00:00.0000000,In,Assn. of Bay Area Govts.,6th Cycle
MILPITAS,Santa Clara,6S,Adopted,2023-05-16 00:00:00.0000000,In,2023-05-17 00:00:00.0000000,In,Assn. of Bay Area Govts.,6th Cycle
MISSION VIEJO,Orange,6L,Adopted,2024-01-27 00:00:00.0000000,In,2024-02-08 00:00:00.0000000,In,Southern California Assn. of Govts.,6th Cycle
MODESTO,Stanislaus,6U,Adopted,2024-02-23 00:00:00.0000000,In,2024-04-10 00:00:00.0000000,In,Stanislaus Council of Govts.,6th Cycle
MODOC COUNTY,Modoc,7A,Adopted,2025-05-20 17:45:00.0000000,In,2025-06-02 12:00:00.0000000,In,Modoc County Jurisdictions,7th Cycle
MONO COUNTY,Mono,6B,Adopted,2020-02-24 00:00:00.0000000,In,2020-03-11 00:00:00.0000000,In,Mono County Jurisdictions,6th Cycle
MONROVIA,Los Angeles,6L,Adopted,2022-11-03 00:00:00.0000000,In,2022-12-29 00:00:00.0000000,In,Southern California Assn. of Govts.,6th Cycle
MONTAGUE,Siskiyou,6R,Adopted,2024-04-23 00:00:00.0000000,In,2024-06-17 00:00:00.0000000,In,Siskiyou County Jurisdictions,6th Cycle
MONTCLAIR,San Bernardino,6L,Adopted,2026-04-22 15:35:00.0000000,In,2026-05-05 12:00:00.0000000,In,Southern California Assn. of Govts.,6th Cycle
MONTE SERENO,Santa Clara,6S,Adopted,2024-05-13 00:00:00.0000000,In,2024-07-05 00:00:00.0000000,In,Assn. of Bay Area Govts.,6th Cycle
MONTEBELLO,Los Angeles,6L,Adopted,2022-06-24 00:00:00.0000000,In,2022-07-11 00:00:00.0000000,In,Southern California Assn. of Govts.,6th Cycle
MONTEREY,Monterey,6T,Adopted,2024-08-05 00:00:00.0000000,In,2024-10-04 00:00:00.0000000,In,Assn. of Montery Bay Area Govts.,6th Cycle
MONTEREY COUNTY,Monterey,6T,Subsequent Draft,2026-03-13 09:31:00.0000000,Out,2026-05-12 12:00:00.0000000,Out,Assn. of Montery Bay Area Govts.,6th Cycle
MONTEREY PARK,Los Angeles,6L,Adopted,2023-03-23 00:00:00.0000000,In,2023-03-30 00:00:00.0000000,In,Southern California Assn. of Govts.,6th Cycle
MOORPARK,Ventura,6L,Adopted,2023-02-22 00:00:00.0000000,In,2023-04-20 00:00:00.0000000,In,Southern California Assn. of Govts.,6th Cycle
MORAGA,Contra Costa,6S,Adopted,2023-07-17 00:00:00.0000000,In,2023-09-14 00:00:00.0000000,In,Assn. of Bay Area Govts.,6th Cycle
MORENO VALLEY,Riverside,6L,Adopted,2022-08-15 00:00:00.0000000,In,2022-10-11 00:00:00.0000000,In,Southern California Assn. of Govts.,6th Cycle
MORGAN HILL,Santa Clara,6S,Adopted,2023-10-05 00:00:00.0000000,In,2023-11-29 00:00:00.0000000,In,Assn. of Bay Area Govts.,6th Cycle
MORRO BAY,San Luis Obispo,6F,Adopted,2020-09-02 00:00:00.0000000,In,2020-09-04 00:00:00.0000000,In,San Luis Obispo Counsil of Govts.,6th Cycle
MOUNT SHASTA,Siskiyou,6R,Adopted,2024-08-20 00:00:00.0000000,In,2024-10-10 00:00:00.0000000,In,Siskiyou County Jurisdictions,6th Cycle
MOUNTAIN VIEW,Santa Clara,6S,Adopted,2023-04-26 00:00:00.0000000,In,2023-05-26 00:00:00.0000000,In,Assn. of Bay Area Govts.,6th Cycle
MURRIETA,Riverside,6L,Adopted,2023-10-26 00:00:00.0000000,In,2023-12-22 00:00:00.0000000,In,Southern California Assn. of Govts.,6th Cycle
NAPA,Napa,6S,Adopted,2023-11-06 00:00:00.0000000,In,2023-12-11 00:00:00.0000000,In,Assn. of Bay Area Govts.,6th Cycle
NAPA COUNTY,Napa,6S,Adopted,2024-06-06 00:00:00.0000000,In,2024-07-12 00:00:00.0000000,In,Assn. of Bay Area Govts.,6th Cycle
NATIONAL CITY,San Diego,6I,Adopted,2021-08-13 00:00:00.0000000,In,2021-11-10 00:00:00.0000000,In,San Diego Assn. of Govts.,6th Cycle
NEEDLES,San Bernardino,6L,Adopted,2022-09-15 00:00:00.0000000,In,2022-09-30 00:00:00.0000000,In,Southern California Assn. of Govts.,6th Cycle
NEVADA CITY,Nevada,6B,Adopted,2019-11-19 00:00:00.0000000,In,2019-12-05 00:00:00.0000000,In,Nevada County Jurisdictions,6th Cycle
NEVADA COUNTY,Nevada,6B,Adopted,2019-07-03 00:00:00.0000000,In,2019-07-22 00:00:00.0000000,In,Nevada County Jurisdictions,6th Cycle
NEWARK,Alameda,6S,Adopted,2023-11-01 00:00:00.0000000,In,2023-12-21 00:00:00.0000000,In,Assn. of Bay Area Govts.,6th Cycle
NEWMAN,Stanislaus,6U,Adopted,2024-11-04 15:01:00.0000000,In,2024-11-05 12:00:00.0000000,In,Stanislaus Council of Govts.,6th Cycle
NEWPORT BEACH,Orange,6L,Adopted,2024-10-11 00:00:00.0000000,In,2024-11-21 12:00:00.0000000,In,Southern California Assn. of Govts.,6th Cycle
NORCO,Riverside,6L,Adopted,2022-10-10 00:00:00.0000000,In,2022-10-13 00:00:00.0000000,In,Southern California Assn. of Govts.,6th Cycle
NORWALK,Los Angeles,6L,Subsequent Draft,2025-10-20 10:27:00.0000000,Out,2025-12-18 12:00:00.0000000,In,Southern California Assn. of Govts.,6th Cycle
NOVATO,Marin,6S,Adopted,2024-05-09 00:00:00.0000000,In,2024-06-21 00:00:00.0000000,In,Assn. of Bay Area Govts.,6th Cycle
OAKDALE,Stanislaus,6U,Subsequent Draft,2026-04-02 07:52:00.0000000,Out,2026-05-27 12:00:00.0000000,Out,Stanislaus Council of Govts.,6th Cycle
OAKLAND,Alameda,6S,Adopted,2023-02-13 00:00:00.0000000,In,2023-02-17 00:00:00.0000000,In,Assn. of Bay Area Govts.,6th Cycle
OAKLEY,Contra Costa,6S,Adopted,2023-03-29 00:00:00.0000000,In,2023-05-24 00:00:00.0000000,In,Assn. of Bay Area Govts.,6th Cycle
OCEANSIDE,San Diego,6I,Adopted,2023-09-18 00:00:00.0000000,In,2023-11-14 00:00:00.0000000,In,San Diego Assn. of Govts.,6th Cycle
OJAI,Ventura,6L,Adopted,2023-08-01 00:00:00.0000000,In,2023-08-10 00:00:00.0000000,In,Southern California Assn. of Govts.,6th Cycle
ONTARIO,San Bernardino,6L,Subsequent Draft,2026-04-01 08:49:00.0000000,Out,2026-05-21 12:00:00.0000000,In,Southern California Assn. of Govts.,6th Cycle
ORANGE,Orange,6L,Adopted,2023-11-03 00:00:00.0000000,In,2024-01-02 00:00:00.0000000,In,Southern California Assn. of Govts.,6th Cycle
ORANGE COUNTY,Orange,6L,Adopted,2025-02-11 14:03:00.0000000,In,2025-02-20 12:00:00.0000000,In,Southern California Assn. of Govts.,6th Cycle
ORANGE COVE,Fresno,6U,Adopted,2024-10-24 00:00:00.0000000,In,2024-11-14 12:00:00.0000000,In,Council of Fresno County Govts.,6th Cycle
ORINDA,Contra Costa,6S,Adopted,2023-02-01 00:00:00.0000000,In,2023-03-30 00:00:00.0000000,In,Assn. of Bay Area Govts.,6th Cycle
ORLAND,Glenn,6N,Adopted,2024-05-31 00:00:00.0000000,In,2024-07-11 00:00:00.0000000,In,Glenn County Jurisdictions,6th Cycle
OROVILLE,Butte,6Q,Adopted,2023-04-26 00:00:00.0000000,In,2023-05-03 00:00:00.0000000,In,Butte County Assn. of Govts.,6th Cycle
OXNARD,Ventura,6L,Adopted,2022-10-05 00:00:00.0000000,In,2022-10-25 00:00:00.0000000,In,Southern California Assn. of Govts.,6th Cycle
PACIFIC GROVE,Monterey,6T,Adopted,2026-05-11 10:32:00.0000000,In,2026-05-08 12:00:00.0000000,In,Assn. of Montery Bay Area Govts.,6th Cycle
PACIFICA,San Mateo,6S,Adopted,2025-09-02 12:12:00.0000000,In,2025-09-19 12:00:00.0000000,In,Assn. of Bay Area Govts.,6th Cycle
PALM DESERT,Riverside,6L,Adopted,2022-10-12 00:00:00.0000000,In,2022-11-04 00:00:00.0000000,In,Southern California Assn. of Govts.,6th Cycle
PALM SPRINGS,Riverside,6L,Adopted,2023-11-30 00:00:00.0000000,In,2024-01-19 00:00:00.0000000,In,Southern California Assn. of Govts.,6th Cycle
PALMDALE,Los Angeles,6L,Adopted,2023-08-29 00:00:00.0000000,In,2023-10-09 00:00:00.0000000,In,Southern California Assn. of Govts.,6th Cycle
PALO ALTO,Santa Clara,6S,Adopted,2024-07-26 00:00:00.0000000,In,2024-08-20 00:00:00.0000000,In,Assn. of Bay Area Govts.,6th Cycle
PALOS VERDES ESTATES,Los Angeles,6L,Adopted,2025-07-01 14:29:00.0000000,In,2025-08-25 12:00:00.0000000,In,Southern California Assn. of Govts.,6th Cycle
PARADISE,Butte,6Q,Adopted,2023-02-08 00:00:00.0000000,In,2023-02-28 00:00:00.0000000,In,Butte County Assn. of Govts.,6th Cycle
PARAMOUNT,Los Angeles,6L,Adopted,2022-08-15 00:00:00.0000000,In,2022-10-07 00:00:00.0000000,In,Southern California Assn. of Govts.,6th Cycle
PARLIER,Fresno,6U,Adopted,2024-12-23 14:00:00.0000000,In,2025-01-21 12:00:00.0000000,In,Council of Fresno County Govts.,6th Cycle
PASADENA,Los Angeles,6L,Adopted,2023-01-11 00:00:00.0000000,In,2023-03-10 00:00:00.0000000,In,Southern California Assn. of Govts.,6th Cycle
PASO ROBLES,San Luis Obispo,6F,Adopted,2020-12-09 00:00:00.0000000,In,2021-03-09 00:00:00.0000000,In,San Luis Obispo Counsil of Govts.,6th Cycle
PATTERSON,Stanislaus,6U,Adopted,2026-06-02 13:41:00.0000000,In Review,,Out,Stanislaus Council of Govts.,6th Cycle
PERRIS,Riverside,6L,Adopted,2022-08-03 00:00:00.0000000,In,2022-09-22 00:00:00.0000000,In,Southern California Assn. of Govts.,6th Cycle
PETALUMA,Sonoma,6S,Adopted,2023-03-22 00:00:00.0000000,In,2023-05-18 00:00:00.0000000,In,Assn. of Bay Area Govts.,6th Cycle
PICO RIVERA,Los Angeles,6L,Adopted,2024-02-28 00:00:00.0000000,In,2024-02-29 00:00:00.0000000,In,Southern California Assn. of Govts.,6th Cycle
PIEDMONT,Alameda,6S,Adopted,2023-09-11 00:00:00.0000000,In,2023-11-09 00:00:00.0000000,In,Assn. of Bay Area Govts.,6th Cycle
PINOLE,Contra Costa,6S,Adopted,2023-06-23 00:00:00.0000000,In,2023-07-20 00:00:00.0000000,In,Assn. of Bay Area Govts.,6th Cycle
PISMO BEACH,San Luis Obispo,6F,Adopted,2020-11-23 00:00:00.0000000,In,2021-02-16 00:00:00.0000000,In,San Luis Obispo Counsil of Govts.,6th Cycle
PITTSBURG,Contra Costa,6S,Adopted,2024-08-09 00:00:00.0000000,In,2024-10-02 00:00:00.0000000,In,Assn. of Bay Area Govts.,6th Cycle
PLACENTIA,Orange,6L,Adopted,2024-02-23 00:00:00.0000000,In,2024-02-29 00:00:00.0000000,In,Southern California Assn. of Govts.,6th Cycle
PLACER COUNTY,Placer,6K,Adopted,2025-06-12 13:59:00.0000000,In,2025-08-07 12:00:00.0000000,In,Sacramento Area Council of Govts.,6th Cycle
PLACERVILLE,El Dorado,6K,Adopted,2022-12-20 00:00:00.0000000,In,2022-12-21 00:00:00.0000000,In,Sacramento Area Council of Govts.,6th Cycle
PLEASANT HILL,Contra Costa,6S,Adopted,2023-10-31 00:00:00.0000000,In,2023-11-22 00:00:00.0000000,In,Assn. of Bay Area Govts.,6th Cycle
PLEASANTON,Alameda,6S,Adopted,2023-06-27 00:00:00.0000000,In,2023-08-25 00:00:00.0000000,In,Assn. of Bay Area Govts.,6th Cycle
PLUMAS COUNTY,Plumas,7A,Subsequent Draft,2026-05-08 17:31:00.0000000,In Review,,Out,Plumas County Jurisdictions,7th Cycle
PLYMOUTH,Amador,6G,Adopted,2026-02-03 17:39:00.0000000,In,2026-03-27 12:00:00.0000000,In,Amador County Jurisdictions,6th Cycle
POINT ARENA,Mendocino,6B,Adopted,2019-10-22 00:00:00.0000000,In,2019-11-21 00:00:00.0000000,In,Mendocino Counsil of Govts.,6th Cycle
POMONA,Los Angeles,6L,Adopted,2022-08-08 00:00:00.0000000,In,2022-09-30 00:00:00.0000000,In,Southern California Assn. of Govts.,6th Cycle
PORT HUENEME,Ventura,6L,Adopted,2022-08-15 00:00:00.0000000,In,2022-10-05 00:00:00.0000000,In,Southern California Assn. of Govts.,6th Cycle
PORTERVILLE,Tulare,6U,Adopted,2026-01-26 08:22:00.0000000,In,2026-02-09 12:00:00.0000000,In,Tulare County Assn. of Govts.,6th Cycle
PORTOLA,Plumas,7A,Subsequent Draft,2026-01-14 08:14:00.0000000,Out,2026-03-13 12:00:00.0000000,Out,Plumas County Jurisdictions,7th Cycle
PORTOLA VALLEY,San Mateo,6S,Subsequent Draft,2026-01-23 17:08:00.0000000,Out,2026-03-25 12:00:00.0000000,In,Assn. of Bay Area Govts.,6th Cycle
POWAY,San Diego,6I,Adopted,2024-04-05 00:00:00.0000000,In,2024-05-08 00:00:00.0000000,In,San Diego Assn. of Govts.,6th Cycle
RANCHO CORDOVA,Sacramento,6K,Adopted,2021-06-30 00:00:00.0000000,In,2021-09-27 00:00:00.0000000,In,Sacramento Area Council of Govts.,6th Cycle
RANCHO CUCAMONGA,San Bernardino,6L,Adopted,2022-07-19 00:00:00.0000000,In,2022-09-07 00:00:00.0000000,In,Southern California Assn. of Govts.,6th Cycle
RANCHO MIRAGE,Riverside,6L,Adopted,2022-07-28 00:00:00.0000000,In,2022-08-17 00:00:00.0000000,In,Southern California Assn. of Govts.,6th Cycle
RANCHO PALOS VERDES,Los Angeles,6L,Subsequent Draft,2024-11-26 13:36:00.0000000,In,2025-01-23 12:00:00.0000000,In,Southern California Assn. of Govts.,6th Cycle
RANCHO SANTA MARGARITA,Orange,6L,Adopted,2022-08-25 00:00:00.0000000,In,2022-09-13 00:00:00.0000000,In,Southern California Assn. of Govts.,6th Cycle
RED BLUFF,Tehama,7A,Adopted,2025-04-22 10:26:00.0000000,In,2025-06-04 12:00:00.0000000,In,Tehama County Jurisdictions,7th Cycle
REDDING,Shasta,6E,Adopted,2020-06-16 00:00:00.0000000,In,2020-06-19 00:00:00.0000000,In,Shasta County Jurisdictions,6th Cycle
REDLANDS,San Bernardino,6L,Adopted,2022-10-06 00:00:00.0000000,In,2022-10-07 00:00:00.0000000,In,Southern California Assn. of Govts.,6th Cycle
REDONDO BEACH,Los Angeles,6L,Adopted,2026-05-06 10:15:00.0000000,In,2026-05-20 12:00:00.0000000,In,Southern California Assn. of Govts.,6th Cycle
REDWOOD CITY,San Mateo,6S,Adopted,2023-02-22 00:00:00.0000000,In,2023-03-27 00:00:00.0000000,In,Assn. of Bay Area Govts.,6th Cycle
REEDLEY,Fresno,6U,Adopted,2024-04-12 00:00:00.0000000,In,2024-04-26 00:00:00.0000000,In,Council of Fresno County Govts.,6th Cycle
RIALTO,San Bernardino,6L,Adopted,2026-05-18 09:47:00.0000000,In Review,,Out,Southern California Assn. of Govts.,6th Cycle
RICHMOND,Contra Costa,6S,Adopted,2023-09-26 00:00:00.0000000,In,2023-10-02 00:00:00.0000000,In,Assn. of Bay Area Govts.,6th Cycle
RIDGECREST,Kern,6U,Subsequent Draft,2025-11-03 15:46:00.0000000,Out,2026-01-02 12:00:00.0000000,Out,Kern Council of Govts.,6th Cycle
RIO DELL,Humboldt,6C,Adopted,2022-06-16 00:00:00.0000000,In,2022-08-09 00:00:00.0000000,In,Humbolt County Assn of Govts.,6th Cycle
RIO VISTA,Solano,6S,Adopted,2023-07-31 00:00:00.0000000,In,2023-09-01 00:00:00.0000000,In,Assn. of Bay Area Govts.,6th Cycle
RIPON,San Joaquin,6U,Adopted,2025-06-11 08:47:00.0000000,In,2025-08-07 12:00:00.0000000,In,San Joaquin Council of Govts.,6th Cycle
RIVERBANK,Stanislaus,6U,Subsequent Draft,2026-05-15 08:54:00.0000000,Out,2026-05-18 12:00:00.0000000,Out,Stanislaus Council of Govts.,6th Cycle
RIVERSIDE,Riverside,6L,Adopted,2022-08-22 00:00:00.0000000,In,2022-09-26 00:00:00.0000000,In,Southern California Assn. of Govts.,6th Cycle
RIVERSIDE COUNTY,Riverside,6L,Adopted,2024-07-05 00:00:00.0000000,In,2024-07-31 00:00:00.0000000,In,Southern California Assn. of Govts.,6th Cycle
ROCKLIN,Placer,6K,Adopted,2025-08-05 12:11:00.0000000,In,2025-09-26 12:00:00.0000000,In,Sacramento Area Council of Govts.,6th Cycle
ROHNERT PARK,Sonoma,6S,Adopted,2023-01-26 00:00:00.0000000,In,2023-03-20 00:00:00.0000000,In,Assn. of Bay Area Govts.,6th Cycle
ROLLING HILLS,Los Angeles,6L,Adopted,2022-09-28 00:00:00.0000000,In,2022-11-23 00:00:00.0000000,In,Southern California Assn. of Govts.,6th Cycle
ROLLING HILLS ESTATES,Los Angeles,6L,Adopted,2023-04-27 00:00:00.0000000,In,2023-05-24 00:00:00.0000000,In,Southern California Assn. of Govts.,6th Cycle
ROSEMEAD,Los Angeles,6L,Adopted,2022-06-03 00:00:00.0000000,In,2022-08-01 00:00:00.0000000,In,Southern California Assn. of Govts.,6th Cycle
ROSEVILLE,Placer,6K,Adopted,2021-08-19 00:00:00.0000000,In,2021-11-17 00:00:00.0000000,In,Sacramento Area Council of Govts.,6th Cycle
ROSS,Marin,6S,Adopted,2024-05-16 00:00:00.0000000,In,2024-06-04 00:00:00.0000000,In,Assn. of Bay Area Govts.,6th Cycle
SACRAMENTO,Sacramento,6K,Adopted,2021-12-14 00:00:00.0000000,In,2021-12-22 00:00:00.0000000,In,Sacramento Area Council of Govts.,6th Cycle
SACRAMENTO COUNTY,Sacramento,6K,Adopted,2026-03-02 09:39:00.0000000,In,2026-04-30 12:00:00.0000000,In,Sacramento Area Council of Govts.,6th Cycle
SAINT HELENA,Napa,6S,Adopted,2023-08-31 00:00:00.0000000,In,2023-09-25 00:00:00.0000000,In,Assn. of Bay Area Govts.,6th Cycle
SALINAS,Monterey,6T,Adopted,2023-12-12 00:00:00.0000000,In,2024-02-08 00:00:00.0000000,In,Assn. of Montery Bay Area Govts.,6th Cycle
SAN ANSELMO,Marin,6S,Adopted,2024-01-30 00:00:00.0000000,In,2024-03-28 00:00:00.0000000,In,Assn. of Bay Area Govts.,6th Cycle
SAN BENITO COUNTY,San Benito,6T,Adopted,2025-12-16 08:51:00.0000000,In,2026-02-03 12:00:00.0000000,In,San Benito County Council of Govts.,6th Cycle
SAN BERNARDINO,San Bernardino,6L,Adopted,2024-06-17 00:00:00.0000000,In,2024-06-17 00:00:00.0000000,In,Southern California Assn. of Govts.,6th Cycle
SAN BERNARDINO COUNTY,San Bernardino,6L,Adopted,2022-09-29 00:00:00.0000000,In,2022-11-28 00:00:00.0000000,In,Southern California Assn. of Govts.,6th Cycle
SAN BRUNO,San Mateo,6S,Adopted,2024-09-25 00:00:00.0000000,In,2024-10-21 00:00:00.0000000,In,Assn. of Bay Area Govts.,6th Cycle
SAN CARLOS,San Mateo,6S,Adopted,2024-04-19 00:00:00.0000000,In,2024-04-25 00:00:00.0000000,In,Assn. of Bay Area Govts.,6th Cycle
SAN CLEMENTE,Orange,6L,Adopted,2022-09-22 00:00:00.0000000,In,2022-10-12 00:00:00.0000000,In,Southern California Assn. of Govts.,6th Cycle
SAN DIEGO,San Diego,6I,Adopted,2021-06-14 00:00:00.0000000,In,2021-09-10 00:00:00.0000000,In,San Diego Assn. of Govts.,6th Cycle
SAN DIEGO COUNTY,San Diego,6I,Adopted,2021-08-04 00:00:00.0000000,In,2021-11-02 00:00:00.0000000,In,San Diego Assn. of Govts.,6th Cycle
SAN DIMAS,Los Angeles,6L,Adopted,2025-11-20 14:14:00.0000000,In,2025-12-18 12:00:00.0000000,In,Southern California Assn. of Govts.,6th Cycle
SAN FERNANDO,Los Angeles,6L,Subsequent Draft,2025-03-21 10:16:00.0000000,In,2025-05-19 12:00:00.0000000,In,Southern California Assn. of Govts.,6th Cycle
SAN FRANCISCO,San Francisco,6S,Adopted,2023-01-31 00:00:00.0000000,In,2023-02-01 00:00:00.0000000,In,Assn. of Bay Area Govts.,6th Cycle
SAN GABRIEL,Los Angeles,6L,Adopted,2022-02-07 00:00:00.0000000,In,2022-02-10 00:00:00.0000000,In,Southern California Assn. of Govts.,6th Cycle
SAN JACINTO,Riverside,6L,Adopted,2023-11-08 00:00:00.0000000,In,2024-01-04 00:00:00.0000000,In,Southern California Assn. of Govts.,6th Cycle
SAN JOAQUIN,Fresno,6U,Adopted,2024-05-03 00:00:00.0000000,In,2024-05-21 00:00:00.0000000,In,Council of Fresno County Govts.,6th Cycle
SAN JOAQUIN COUNTY,San Joaquin,6U,Adopted,2026-04-23 09:15:00.0000000,In Review,,In,San Joaquin Council of Govts.,6th Cycle
SAN JOSE,Santa Clara,6S,Adopted,2023-11-30 00:00:00.0000000,In,2024-01-29 00:00:00.0000000,In,Assn. of Bay Area Govts.,6th Cycle
SAN JUAN BAUTISTA,San Benito,6T,Adopted,2026-01-26 08:42:00.0000000,In,2026-02-26 12:00:00.0000000,In,San Benito County Council of Govts.,6th Cycle
SAN JUAN CAPISTRANO,Orange,6L,Adopted,2022-08-15 00:00:00.0000000,In,2022-09-22 00:00:00.0000000,In,Southern California Assn. of Govts.,6th Cycle
SAN LEANDRO,Alameda,6S,Adopted,2022-12-09 00:00:00.0000000,In,2023-02-02 00:00:00.0000000,In,Assn. of Bay Area Govts.,6th Cycle
SAN LUIS OBISPO,San Luis Obispo,6F,Adopted,2021-07-23 00:00:00.0000000,In,2021-09-03 00:00:00.0000000,In,San Luis Obispo Counsil of Govts.,6th Cycle
SAN LUIS OBISPO COUNTY,San Luis Obispo,6F,Adopted,2020-12-10 00:00:00.0000000,In,2021-03-10 00:00:00.0000000,In,San Luis Obispo Counsil of Govts.,6th Cycle
SAN MARCOS,San Diego,6I,Adopted,2021-08-03 00:00:00.0000000,In,2021-09-16 00:00:00.0000000,In,San Diego Assn. of Govts.,6th Cycle
SAN MARINO,Los Angeles,6L,Adopted,2025-02-13 15:11:00.0000000,In,2025-02-24 12:00:00.0000000,In,Southern California Assn. of Govts.,6th Cycle
SAN MATEO,San Mateo,6S,Adopted,2026-04-07 07:14:00.0000000,In,2026-06-01 12:00:00.0000000,In,Assn. of Bay Area Govts.,6th Cycle
SAN MATEO COUNTY,San Mateo,6S,Adopted,2026-04-21 16:01:00.0000000,In,2026-05-18 12:00:00.0000000,In,Assn. of Bay Area Govts.,6th Cycle
SAN PABLO,Contra Costa,6S,Adopted,2024-03-21 00:00:00.0000000,In,2024-05-20 00:00:00.0000000,In,Assn. of Bay Area Govts.,6th Cycle
SAN RAFAEL,Marin,6S,Adopted,2023-05-18 00:00:00.0000000,In,2023-06-22 00:00:00.0000000,In,Assn. of Bay Area Govts.,6th Cycle
SAN RAMON,Contra Costa,6S,Adopted,2023-02-06 00:00:00.0000000,In,2023-02-27 00:00:00.0000000,In,Assn. of Bay Area Govts.,6th Cycle
SAND CITY,Monterey,6T,Adopted,2024-06-05 00:00:00.0000000,In,2024-07-02 00:00:00.0000000,In,Assn. of Montery Bay Area Govts.,6th Cycle
SANGER,Fresno,6U,Adopted,2024-09-13 00:00:00.0000000,In,2024-10-04 00:00:00.0000000,In,Council of Fresno County Govts.,6th Cycle
SANTA ANA,Orange,6L,Adopted,2022-07-26 00:00:00.0000000,In,2022-09-16 00:00:00.0000000,In,Southern California Assn. of Govts.,6th Cycle
SANTA BARBARA,Santa Barbara,6R,Adopted,2023-12-21 00:00:00.0000000,In,2024-02-13 00:00:00.0000000,In,Santa Barbara County of Govts.,6th Cycle
SANTA BARBARA COUNTY,Santa Barbara,6R,Adopted,2023-12-08 00:00:00.0000000,In,2024-01-22 00:00:00.0000000,In,Santa Barbara County of Govts.,6th Cycle
SANTA CLARA,Santa Clara,6S,Adopted,2025-12-19 07:54:00.0000000,In,2026-02-10 12:00:00.0000000,In,Assn. of Bay Area Govts.,6th Cycle
SANTA CLARA COUNTY,Santa Clara,6S,Adopted,2025-01-29 07:51:00.0000000,In,2025-02-05 12:00:00.0000000,In,Assn. of Bay Area Govts.,6th Cycle
SANTA CLARITA,Los Angeles,6L,Adopted,2023-07-05 00:00:00.0000000,In,2023-08-22 00:00:00.0000000,In,Southern California Assn. of Govts.,6th Cycle
SANTA CRUZ,Santa Cruz,6T,Adopted,2023-12-15 00:00:00.0000000,In,2023-12-20 00:00:00.0000000,In,Assn. of Montery Bay Area Govts.,6th Cycle
SANTA CRUZ COUNTY,Santa Cruz,6T,Adopted,2024-02-23 00:00:00.0000000,In,2024-04-12 00:00:00.0000000,In,Assn. of Montery Bay Area Govts.,6th Cycle
SANTA FE SPRINGS,Los Angeles,6L,Adopted,2024-10-10 00:00:00.0000000,In,2024-10-28 00:00:00.0000000,In,Southern California Assn. of Govts.,6th Cycle
SANTA MARIA,Santa Barbara,6R,Adopted,2023-12-12 00:00:00.0000000,In,2024-01-02 00:00:00.0000000,In,Santa Barbara County of Govts.,6th Cycle
SANTA MONICA,Los Angeles,6L,Adopted,2022-10-12 00:00:00.0000000,In,2022-10-14 00:00:00.0000000,In,Southern California Assn. of Govts.,6th Cycle
SANTA PAULA,Ventura,6L,Adopted,2023-12-22 00:00:00.0000000,In,2024-02-12 00:00:00.0000000,In,Southern California Assn. of Govts.,6th Cycle
SANTA ROSA,Sonoma,6S,Adopted,2025-07-28 11:06:00.0000000,In,2025-09-12 12:00:00.0000000,In,Assn. of Bay Area Govts.,6th Cycle
SANTEE,San Diego,6I,Adopted,2022-10-27 00:00:00.0000000,In,2022-12-06 00:00:00.0000000,In,San Diego Assn. of Govts.,6th Cycle
SARATOGA,Santa Clara,6S,Adopted,2024-07-05 00:00:00.0000000,In,2024-07-08 00:00:00.0000000,In,Assn. of Bay Area Govts.,6th Cycle
SAUSALITO,Marin,6S,Adopted,2025-06-04 10:00:00.0000000,In,2025-07-01 12:00:00.0000000,In,Assn. of Bay Area Govts.,6th Cycle
SCOTTS VALLEY,Santa Cruz,6T,Adopted,2024-02-02 00:00:00.0000000,In,2024-04-02 00:00:00.0000000,In,Assn. of Montery Bay Area Govts.,6th Cycle
SEAL BEACH,Orange,6L,Adopted,2026-02-02 09:29:00.0000000,In,2026-02-26 12:00:00.0000000,In,Southern California Assn. of Govts.,6th Cycle
SEASIDE,Monterey,6T,Adopted,2024-03-26 00:00:00.0000000,In,2024-03-27 00:00:00.0000000,In,Assn. of Montery Bay Area Govts.,6th Cycle
SEBASTOPOL,Sonoma,6S,Adopted,2023-01-09 00:00:00.0000000,In,2023-03-07 00:00:00.0000000,In,Assn. of Bay Area Govts.,6th Cycle
SELMA,Fresno,6U,Adopted,2025-05-02 14:10:00.0000000,In,2025-05-14 12:00:00.0000000,In,Council of Fresno County Govts.,6th Cycle
SHAFTER,Kern,6U,Adopted,2024-03-07 00:00:00.0000000,In,2024-04-16 00:00:00.0000000,In,Kern Council of Govts.,6th Cycle
SHASTA COUNTY,Shasta,6E,Adopted,2020-08-10 00:00:00.0000000,In,2020-08-14 00:00:00.0000000,In,Shasta County Jurisdictions,6th Cycle
SHASTA LAKE,Shasta,6E,Adopted,2020-08-12 00:00:00.0000000,In,2020-09-11 00:00:00.0000000,In,Shasta County Jurisdictions,6th Cycle
SIERRA COUNTY,Sierra,7A,Adopted,2025-03-10 15:57:00.0000000,In,2025-03-17 12:00:00.0000000,In,Sierra County Jurisdictions,7th Cycle
SIERRA MADRE,Los Angeles,6L,Adopted,2022-07-28 00:00:00.0000000,In,2022-08-10 00:00:00.0000000,In,Southern California Assn. of Govts.,6th Cycle
SIGNAL HILL,Los Angeles,6L,Adopted,2022-09-28 00:00:00.0000000,In,2022-10-13 00:00:00.0000000,In,Southern California Assn. of Govts.,6th Cycle
SIMI VALLEY,Ventura,6L,Adopted,2023-03-23 00:00:00.0000000,In,2023-05-18 00:00:00.0000000,In,Southern California Assn. of Govts.,6th Cycle
SISKIYOU COUNTY,Siskiyou,6R,Adopted,2024-12-23 11:24:00.0000000,In,2024-01-08 00:00:00.0000000,In,Siskiyou Assn. of Governmental Entities,6th Cycle
SOLANA BEACH,San Diego,6I,Adopted,2023-05-15 00:00:00.0000000,In,2023-06-08 00:00:00.0000000,In,San Diego Assn. of Govts.,6th Cycle
SOLANO COUNTY,Solano,6S,Adopted,2024-02-09 00:00:00.0000000,In,2024-04-09 00:00:00.0000000,In,Assn. of Bay Area Govts.,6th Cycle
SOLEDAD,Monterey,6T,Adopted,2024-08-16 00:00:00.0000000,In,2024-08-23 00:00:00.0000000,In,Assn. of Montery Bay Area Govts.,6th Cycle
SOLVANG,Santa Barbara,6R,Adopted,2023-12-14 00:00:00.0000000,In,2024-02-12 00:00:00.0000000,In,Santa Barbara County of Govts.,6th Cycle
SONOMA,Sonoma,6S,Adopted,2023-02-14 00:00:00.0000000,In,2023-04-13 00:00:00.0000000,In,Assn. of Bay Area Govts.,6th Cycle
SONOMA COUNTY,Sonoma,6S,Adopted,2023-08-30 00:00:00.0000000,In,2023-10-26 00:00:00.0000000,In,Assn. of Bay Area Govts.,6th Cycle
SONORA,Tuolumne,7A,Adopted,2026-03-19 08:19:00.0000000,In,2026-04-06 12:00:00.0000000,In,Tuolumne County Jurisdictions,7th Cycle
SOUTH EL MONTE,Los Angeles,6L,Adopted,2024-06-07 00:00:00.0000000,In,2024-06-19 00:00:00.0000000,In,Southern California Assn. of Govts.,6th Cycle
SOUTH GATE,Los Angeles,6L,Adopted,2024-01-24 00:00:00.0000000,In,2024-02-28 00:00:00.0000000,In,Southern California Assn. of Govts.,6th Cycle
SOUTH LAKE TAHOE,El Dorado,6J,Adopted,2022-07-07 00:00:00.0000000,In,2022-08-30 00:00:00.0000000,In,Tahoe Regional Planning Agency,6th Cycle
SOUTH PASADENA,Los Angeles,6L,Subsequent Draft,2026-03-23 07:31:00.0000000,In,2026-05-22 12:00:00.0000000,In,Southern California Assn. of Govts.,6th Cycle
SOUTH SAN FRANCISCO,San Mateo,6S,Adopted,2023-10-27 00:00:00.0000000,In,2023-11-20 00:00:00.0000000,In,Assn. of Bay Area Govts.,6th Cycle
STANISLAUS COUNTY,Stanislaus,6U,Adopted,2025-12-10 13:34:00.0000000,In,2025-12-30 12:00:00.0000000,In,Stanislaus Council of Govts.,6th Cycle
STANTON,Orange,6L,Adopted,2022-07-08 00:00:00.0000000,In,2022-08-30 00:00:00.0000000,In,Southern California Assn. of Govts.,6th Cycle
STOCKTON,San Joaquin,6U,Adopted,2024-07-16 00:00:00.0000000,In,2024-09-09 00:00:00.0000000,In,San Joaquin Council of Govts.,6th Cycle
SUISUN CITY,Solano,6S,Adopted,2023-03-24 00:00:00.0000000,In,2023-05-23 00:00:00.0000000,In,Assn. of Bay Area Govts.,6th Cycle
SUNNYVALE,Santa Clara,6S,Adopted,2024-02-29 00:00:00.0000000,In,2024-03-06 00:00:00.0000000,In,Assn. of Bay Area Govts.,6th Cycle
SUSANVILLE,Lassen,7A,Adopted,2026-01-09 07:30:00.0000000,In,2026-02-06 12:00:00.0000000,In,Lassen County Jurisdictions,7th Cycle
SUTTER COUNTY,Sutter,6K,Adopted,2021-08-16 00:00:00.0000000,In,2021-11-09 00:00:00.0000000,In,Sacramento Area Council of Govts.,6th Cycle
SUTTER CREEK,Amador,6G,Adopted,2024-12-06 09:49:00.0000000,In,2025-01-29 12:00:00.0000000,In,Amador County Jurisdictions,6th Cycle
TAFT,Kern,6U,Adopted,2025-08-20 12:44:00.0000000,In,2025-08-22 12:00:00.0000000,In,Kern Council of Govts.,6th Cycle
TEHACHAPI,Kern,6U,Adopted,2025-07-22 15:00:00.0000000,In,2025-08-21 12:00:00.0000000,In,Kern Council of Govts.,6th Cycle
TEHAMA,Tehama,7AA,Adopted,2024-12-11 07:50:00.0000000,In,2024-12-12 12:00:00.0000000,In,Tehama County Jurisdictions,7th Cycle
TEHAMA COUNTY,Tehama,7A,Adopted,2026-01-20 11:12:00.0000000,In,2026-03-19 12:00:00.0000000,In,Tri-County Area Planning Council,7th Cycle
TEMECULA,Riverside,6L,Adopted,2022-10-17 00:00:00.0000000,In,2022-12-15 00:00:00.0000000,In,Southern California Assn. of Govts.,6th Cycle
TEMPLE CITY,Los Angeles,6L,Adopted,2022-10-19 00:00:00.0000000,In,2022-12-16 00:00:00.0000000,In,Southern California Assn. of Govts.,6th Cycle
THOUSAND OAKS,Ventura,6L,Adopted,2024-04-04 00:00:00.0000000,In,2024-05-29 00:00:00.0000000,In,Southern California Assn. of Govts.,6th Cycle
TIBURON,Marin,6S,Adopted,2023-09-22 00:00:00.0000000,In,2023-10-18 00:00:00.0000000,In,Assn. of Bay Area Govts.,6th Cycle
TORRANCE,Los Angeles,6L,Adopted,2022-08-15 00:00:00.0000000,In,2022-10-12 00:00:00.0000000,In,Southern California Assn. of Govts.,6th Cycle
TRACY,San Joaquin,6U,Adopted,2025-07-10 10:40:00.0000000,Out,2025-08-11 12:00:00.0000000,Out,San Joaquin Council of Govts.,6th Cycle
TRINIDAD,Humboldt,6C,Adopted,2020-04-22 00:00:00.0000000,In,2020-05-12 00:00:00.0000000,In,Humbolt County Assn of Govts.,6th Cycle
TRINITY COUNTY,Trinity,7A,Adopted,2025-08-11 14:34:00.0000000,In,2025-08-27 12:00:00.0000000,In,Trinity County Jurisdictions,7th Cycle
TRUCKEE,Nevada,6B,Adopted,2019-08-30 00:00:00.0000000,In,2019-09-16 00:00:00.0000000,In,Nevada County Jurisdictions,6th Cycle
TULARE,Tulare,6U,Subsequent Draft,2025-11-12 07:28:00.0000000,Out,2025-11-12 12:00:00.0000000,Out,Tulare County Assn. of Govts.,6th Cycle
TULARE COUNTY,Tulare,6U,Adopted,2025-01-29 14:24:00.0000000,In,2025-02-04 12:00:00.0000000,In,Tulare County Assn. of Govts.,6th Cycle
TULELAKE,Siskiyou,6R,Adopted,2024-04-11 00:00:00.0000000,In,2024-06-07 00:00:00.0000000,In,Siskiyou County Jurisdictions,6th Cycle
TUOLUMNE COUNTY,Tuolumne,7A,Adopted,2024-07-29 00:00:00.0000000,In,2024-07-30 00:00:00.0000000,In,Tuolumne County Jurisdictions,7th Cycle
TURLOCK,Stanislaus,6U,Subsequent Draft,2026-05-05 08:04:00.0000000,In Review,,Out,Stanislaus Council of Govts.,6th Cycle
TUSTIN,Orange,6L,Adopted,2022-10-05 00:00:00.0000000,In,2022-10-10 00:00:00.0000000,In,Southern California Assn. of Govts.,6th Cycle
TWENTYNINE PALMS,San Bernardino,6L,Adopted,2023-01-04 00:00:00.0000000,In,2023-02-27 00:00:00.0000000,In,Southern California Assn. of Govts.,6th Cycle
UKIAH,Mendocino,6B,Adopted,2019-10-28 00:00:00.0000000,In,2019-12-05 00:00:00.0000000,In,Mendocino Counsil of Govts.,6th Cycle
UNION CITY,Alameda,6S,Adopted,2023-05-25 00:00:00.0000000,In,2023-05-30 00:00:00.0000000,In,Assn. of Bay Area Govts.,6th Cycle
UPLAND,San Bernardino,6L,Adopted,2025-10-13 07:27:00.0000000,In,2025-12-11 12:00:00.0000000,In,Southern California Assn. of Govts.,6th Cycle
VACAVILLE,Solano,6S,Adopted,2023-07-28 00:00:00.0000000,In,2023-09-18 00:00:00.0000000,In,Assn. of Bay Area Govts.,6th Cycle
VALLEJO,Solano,6S,Adopted,2024-12-31 11:46:00.0000000,In,2024-12-31 12:00:00.0000000,In,Assn. of Bay Area Govts.,6th Cycle
VENTURA,Ventura,6L,Adopted,2023-08-16 00:00:00.0000000,In,2023-10-09 00:00:00.0000000,In,Southern California Assn. of Govts.,6th Cycle
VENTURA COUNTY,Ventura,6L,Adopted,2021-10-15 00:00:00.0000000,In,2021-12-22 00:00:00.0000000,In,Southern California Assn. of Govts.,6th Cycle
VERNON,Los Angeles,6L,Adopted,2025-09-22 10:20:00.0000000,In,2025-09-23 12:00:00.0000000,In,Southern California Assn. of Govts.,6th Cycle
VICTORVILLE,San Bernardino,6L,Adopted,2022-01-20 00:00:00.0000000,In,2022-02-09 00:00:00.0000000,In,Southern California Assn. of Govts.,6th Cycle
VILLA PARK,Orange,6L,Adopted,2025-10-30 09:01:00.0000000,In,2025-12-11 12:00:00.0000000,In,Southern California Assn. of Govts.,6th Cycle
VISALIA,Tulare,6U,Adopted,2025-03-03 07:23:00.0000000,In,2025-05-02 12:00:00.0000000,In,Tulare County Assn. of Govts.,6th Cycle
VISTA,San Diego,6I,Adopted,2022-07-12 00:00:00.0000000,In,2022-09-07 00:00:00.0000000,In,San Diego Assn. of Govts.,6th Cycle
WALNUT,Los Angeles,6L,Adopted,2023-08-28 00:00:00.0000000,In,2023-09-18 00:00:00.0000000,In,Southern California Assn. of Govts.,6th Cycle
WALNUT CREEK,Contra Costa,6S,Adopted,2023-08-25 00:00:00.0000000,In,2023-10-24 00:00:00.0000000,In,Assn. of Bay Area Govts.,6th Cycle
WASCO,Kern,6U,Adopted,2024-08-12 00:00:00.0000000,In,2024-09-10 00:00:00.0000000,In,Kern Council of Govts.,6th Cycle
WATERFORD,Stanislaus,6U,Adopted,2026-03-06 10:18:00.0000000,In,2026-04-30 12:00:00.0000000,In,Stanislaus Council of Govts.,6th Cycle
WATSONVILLE,Santa Cruz,6T,Adopted,2024-10-16 00:00:00.0000000,In,2024-10-28 00:00:00.0000000,In,Assn. of Montery Bay Area Govts.,6th Cycle
WEED,Siskiyou,6R,Adopted,2024-10-16 00:00:00.0000000,In,2024-10-30 12:00:00.0000000,In,Siskiyou County Jurisdictions,6th Cycle
WEST COVINA,Los Angeles,6L,Adopted,2025-04-24 13:41:00.0000000,In,2025-05-19 12:00:00.0000000,In,Southern California Assn. of Govts.,6th Cycle
WEST HOLLYWOOD,Los Angeles,6L,Adopted,2023-02-27 00:00:00.0000000,In,2023-04-28 00:00:00.0000000,In,Southern California Assn. of Govts.,6th Cycle
WEST SACRAMENTO,Yolo,6K,Adopted,2021-11-30 00:00:00.0000000,In,2022-02-16 00:00:00.0000000,In,Sacramento Area Council of Govts.,6th Cycle
WESTLAKE VILLAGE,Los Angeles,6L,Adopted,2021-12-14 00:00:00.0000000,In,2022-02-10 00:00:00.0000000,In,Southern California Assn. of Govts.,6th Cycle
WESTMINSTER,Orange,6L,Adopted,2023-03-27 00:00:00.0000000,In,2023-05-22 00:00:00.0000000,In,Southern California Assn. of Govts.,6th Cycle
WESTMORLAND,Imperial,6L,Adopted,2025-01-13 17:09:00.0000000,In,2024-11-13 12:00:00.0000000,In,Southern California Assn. of Govts.,6th Cycle
WHEATLAND,Yuba,6K,Adopted,2024-04-30 00:00:00.0000000,In,2024-05-02 00:00:00.0000000,In,Sacramento Area Council of Govts.,6th Cycle
WHITTIER,Los Angeles,6L,Adopted,2022-08-16 00:00:00.0000000,In,2022-10-12 00:00:00.0000000,In,Southern California Assn. of Govts.,6th Cycle
WILDOMAR,Riverside,6L,Adopted,2021-10-18 00:00:00.0000000,In,2022-01-10 00:00:00.0000000,In,Southern California Assn. of Govts.,6th Cycle
WILLIAMS,Colusa,6F,Adopted,2020-11-03 00:00:00.0000000,In,2020-12-04 00:00:00.0000000,In,Colusa County Jurisdictions,6th Cycle
WILLITS,Mendocino,6B,Adopted,2019-12-17 00:00:00.0000000,In,2020-01-09 00:00:00.0000000,In,Mendocino Counsil of Govts.,6th Cycle
WILLOWS,Glenn,6N,Adopted,2023-02-15 00:00:00.0000000,In,2023-03-28 00:00:00.0000000,In,Glenn County Jurisdictions,6th Cycle
WINDSOR,Sonoma,6S,Adopted,2023-08-18 00:00:00.0000000,In,2023-08-31 00:00:00.0000000,In,Assn. of Bay Area Govts.,6th Cycle
WINTERS,Yolo,6K,Adopted,2022-03-29 00:00:00.0000000,In,2022-05-11 00:00:00.0000000,In,Sacramento Area Council of Govts.,6th Cycle
WOODLAKE,Tulare,6U,Adopted,2025-06-27 10:38:00.0000000,In,2025-07-07 12:00:00.0000000,In,Tulare County Assn. of Govts.,6th Cycle
WOODLAND,Yolo,6K,Adopted,2023-04-03 00:00:00.0000000,In,2023-04-28 00:00:00.0000000,In,Sacramento Area Council of Govts.,6th Cycle
WOODSIDE,San Mateo,6S,Adopted,2025-01-15 07:26:00.0000000,In,2025-01-29 12:00:00.0000000,In,Assn. of Bay Area Govts.,6th Cycle
YOLO COUNTY,Yolo,6K,Adopted,2021-09-24 00:00:00.0000000,In,2021-12-21 00:00:00.0000000,In,Sacramento Area Council of Govts.,6th Cycle
YORBA LINDA,Orange,6L,Adopted,2024-06-19 00:00:00.0000000,In,2024-07-24 00:00:00.0000000,In,Southern California Assn. of Govts.,6th Cycle
YOUNTVILLE,Napa,6S,Adopted,2024-06-12 00:00:00.0000000,In,2024-08-07 00:00:00.0000000,In,Assn. of Bay Area Govts.,6th Cycle
YREKA,Siskiyou,6R,Adopted,2023-07-03 00:00:00.0000000,In,2023-09-01 00:00:00.0000000,In,Siskiyou County Jurisdictions,6th Cycle
YUBA CITY,Sutter,6K,Adopted,2026-05-13 14:46:00.0000000,In Review,,In,Sacramento Area Council of Govts.,6th Cycle
YUBA COUNTY,Yuba,6K,Adopted,2021-09-14 00:00:00.0000000,In,2021-12-10 00:00:00.0000000,In,Sacramento Area Council of Govts.,6th Cycle
YUCAIPA,San Bernardino,6L,Adopted,2022-10-06 00:00:00.0000000,In,2022-10-21 00:00:00.0000000,In,Southern California Assn. of Govts.,6th Cycle
YUCCA VALLEY,San Bernardino,6L,Adopted,2022-04-13 00:00:00.0000000,In,2022-06-10 00:00:00.0000000,In,Southern California Assn. of Govts.,6th Cycle
